,Date,Open,High,Low,Close
2695,2015-01-05,6.01,6.14,5.95,6.01
2694,2015-01-06,5.95,6.21,5.75,6.21
2693,2015-01-07,6.27,6.27,6.01,6.01
2692,2015-01-08,5.95,6.08,5.88,5.88
2691,2015-01-09,5.88,6.21,5.88,6.01
2690,2015-01-12,6.08,6.14,5.95,5.95
2689,2015-01-13,5.95,6.01,5.82,5.88
2688,2015-01-14,5.95,6.08,5.88,6.01
2687,2015-01-15,6.08,6.14,6.01,6.08
2686,2015-01-16,6.08,6.14,6.01,6.01
2685,2015-01-19,6.01,6.08,5.88,5.88
2684,2015-01-20,5.88,5.95,5.88,5.95
2683,2015-01-21,5.95,6.01,5.88,5.88
2682,2015-01-22,5.88,6.01,5.82,5.88
2681,2015-01-23,5.95,6.08,5.95,6.01
2680,2015-01-26,5.88,6.08,5.88,5.95
2679,2015-01-27,5.95,6.01,5.36,5.36
2678,2015-01-28,5.36,5.49,4.9,5.03
2677,2015-01-29,5.16,5.49,5.16,5.36
2676,2015-01-30,5.36,5.42,5.03,5.1
2675,2015-02-02,5.1,5.16,5.03,5.03
2674,2015-02-03,5.03,5.1,4.97,4.97
2673,2015-02-04,4.51,5.1,4.51,5.03
2672,2015-02-05,5.16,5.16,5.03,5.1
2671,2015-02-06,5.1,5.23,5.1,5.1
2670,2015-02-09,5.16,5.16,4.97,5.03
2669,2015-02-10,5.03,5.16,4.97,5.1
2668,2015-02-11,5.1,5.23,5.1,5.23
2667,2015-02-12,5.23,5.29,5.16,5.16
2666,2015-02-13,5.16,5.23,5.1,5.16
2665,2015-02-24,5.16,5.23,5.16,5.23
2664,2015-02-25,5.23,5.23,5.1,5.1
2663,2015-02-26,5.1,5.16,5.03,5.1
2662,2015-02-27,5.16,5.23,5.1,5.1
2661,2015-03-02,5.1,5.1,5.03,5.1
2660,2015-03-03,5.1,5.36,5.03,5.29
2659,2015-03-04,5.29,5.36,5.23,5.29
2658,2015-03-05,5.29,5.42,5.29,5.36
2657,2015-03-06,5.36,5.36,5.23,5.29
2656,2015-03-09,5.29,5.29,5.16,5.16
2655,2015-03-10,5.16,5.23,5.16,5.16
2654,2015-03-11,5.16,5.23,5.1,5.1
2653,2015-03-12,4.64,5.16,4.64,5.1
2652,2015-03-13,5.16,5.16,5.1,5.1
2651,2015-03-16,5.16,5.16,5.03,5.03
2650,2015-03-17,4.7,5.16,4.7,5.16
2649,2015-03-18,5.16,5.16,5.1,5.1
2648,2015-03-19,5.1,5.16,5.03,5.1
2647,2015-03-20,5.1,5.16,5.03,5.16
2646,2015-03-23,5.16,5.16,5.03,5.03
2645,2015-03-24,5.03,5.03,4.9,5.03
2644,2015-03-25,5.03,5.03,4.97,5.03
2643,2015-03-26,4.57,5.03,4.57,4.97
2642,2015-03-27,4.97,5.03,4.84,4.84
2641,2015-03-30,4.84,4.9,4.64,4.64
2640,2015-03-31,4.64,4.77,4.64,4.7
2639,2015-04-01,4.7,4.77,4.44,4.51
2638,2015-04-02,4.57,4.7,4.51,4.64
2637,2015-04-03,4.7,4.7,4.64,4.7
2636,2015-04-06,4.7,4.77,4.64,4.64
2635,2015-04-07,4.7,4.77,4.64,4.77
2634,2015-04-08,4.77,4.84,4.77,4.84
2633,2015-04-09,4.84,4.97,4.77,4.9
2632,2015-04-10,4.7,4.97,4.7,4.97
2631,2015-04-13,4.97,4.97,4.84,4.9
2630,2015-04-14,4.9,4.97,4.77,4.77
2629,2015-04-15,4.77,4.84,4.77,4.84
2628,2015-04-16,4.9,4.9,4.77,4.9
2627,2015-04-17,4.84,4.97,4.7,4.9
2626,2015-04-20,4.84,4.9,4.77,4.9
2625,2015-04-21,4.84,4.9,4.84,4.9
2624,2015-04-22,4.84,4.84,4.77,4.77
2623,2015-04-23,4.77,4.84,4.7,4.7
2622,2015-04-24,4.7,4.77,4.7,4.7
2621,2015-04-27,4.7,4.7,4.25,4.64
2620,2015-05-04,4.18,4.57,4.18,4.44
2619,2015-05-05,4.31,4.57,4.25,4.44
2618,2015-05-06,4.38,4.44,4.25,4.31
2617,2015-05-07,4.25,4.38,4.18,4.31
2616,2015-05-08,4.25,4.38,4.25,4.31
2615,2015-05-11,4.31,4.38,4.25,4.31
2614,2015-05-12,4.44,4.44,4.18,4.31
2613,2015-05-13,4.31,4.31,4.18,4.25
2612,2015-05-14,4.25,4.25,4.18,4.18
2611,2015-05-15,4.12,4.25,3.99,4.18
2610,2015-05-18,4.18,4.18,3.99,4.12
2609,2015-05-19,4.05,4.12,3.92,4.12
2608,2015-05-20,4.12,4.44,4.05,4.31
2607,2015-05-21,4.31,4.31,4.18,4.25
2606,2015-05-22,4.12,4.31,4.12,4.25
2605,2015-05-25,4.25,4.31,4.18,4.31
2604,2015-05-26,4.31,4.57,4.31,4.44
2603,2015-05-27,4.44,4.51,4.31,4.44
2602,2015-05-28,4.44,4.7,4.44,4.64
2601,2015-05-29,4.64,4.7,4.51,4.64
2600,2015-06-01,4.57,4.7,4.51,4.64
2599,2015-06-02,4.57,4.64,4.44,4.44
2598,2015-06-03,4.51,4.57,4.44,4.51
2597,2015-06-04,4.57,4.9,4.57,4.9
2596,2015-06-05,4.97,5.29,4.97,5.29
2595,2015-06-08,5.29,5.55,5.23,5.42
2594,2015-06-09,5.36,5.42,5.03,5.16
2593,2015-06-10,5.1,5.16,5.03,5.1
2592,2015-06-11,5.16,5.36,5.1,5.16
2591,2015-06-12,5.23,5.36,5.23,5.29
2590,2015-06-15,5.36,5.42,5.16,5.16
2589,2015-06-16,5.23,5.42,5.03,5.29
2588,2015-06-17,5.29,5.36,5.16,5.36
2587,2015-06-18,5.42,5.49,5.29,5.49
2586,2015-06-19,5.49,5.55,5.36,5.42
2585,2015-06-22,5.36,5.42,5.29,5.36
2584,2015-06-23,5.42,5.42,5.23,5.29
2583,2015-06-24,5.29,5.75,5.29,5.68
2582,2015-06-25,5.68,5.75,5.55,5.62
2581,2015-06-26,5.55,5.62,5.49,5.49
2580,2015-06-29,5.49,5.55,5.36,5.49
2579,2015-06-30,5.49,5.62,5.49,5.55
2578,2015-07-01,5.68,5.68,5.42,5.49
2577,2015-07-02,5.49,5.62,5.49,5.55
2576,2015-07-03,5.55,5.75,5.55,5.62
2575,2015-07-06,5.68,5.82,5.62,5.82
2574,2015-07-07,5.82,5.82,5.68,5.82
2573,2015-07-08,5.88,5.88,5.55,5.68
2572,2015-07-09,5.68,5.68,5.55,5.62
2571,2015-07-10,5.62,5.82,5.55,5.82
2570,2015-07-13,5.88,5.95,5.68,5.88
2569,2015-07-14,5.88,5.88,5.68,5.75
2568,2015-07-15,5.75,5.82,5.62,5.68
2567,2015-07-16,5.68,5.95,5.55,5.88
2566,2015-07-17,5.88,5.88,5.75,5.82
2565,2015-07-20,5.75,5.82,5.62,5.75
2564,2015-07-21,5.75,5.75,5.62,5.62
2563,2015-07-22,5.55,5.95,5.55,5.88
2562,2015-07-23,5.88,6.01,5.82,5.82
2561,2015-07-24,5.82,5.88,5.68,5.75
2560,2015-07-27,5.75,5.75,5.62,5.75
2559,2015-07-28,5.68,5.75,5.62,5.62
2558,2015-07-29,5.62,5.68,5.55,5.62
2557,2015-07-30,5.62,5.68,5.55,5.62
2556,2015-07-31,5.62,5.62,5.55,5.62
2555,2015-08-03,5.62,5.62,5.42,5.42
2554,2015-08-04,5.42,5.55,5.36,5.42
2553,2015-08-05,5.42,5.69,5.42,5.63
2552,2015-08-06,5.63,5.69,5.56,5.69
2551,2015-08-07,5.69,5.76,5.63,5.76
2550,2015-08-10,5.76,5.83,5.63,5.83
2549,2015-08-11,5.83,5.83,5.69,5.83
2548,2015-08-12,5.69,5.76,5.63,5.69
2547,2015-08-13,5.63,5.69,5.42,5.63
2546,2015-08-14,5.56,5.63,5.42,5.63
2545,2015-08-17,5.63,5.69,5.42,5.56
2544,2015-08-18,5.63,5.69,5.49,5.69
2543,2015-08-19,5.63,5.69,5.49,5.63
2542,2015-08-20,5.49,5.63,5.49,5.49
2541,2015-08-21,5.42,5.49,5.08,5.49
2540,2015-08-24,5.49,5.49,4.94,5.15
2539,2015-08-25,5.01,5.15,5.01,5.15
2538,2015-08-26,5.15,5.42,5.01,5.28
2537,2015-08-27,5.28,5.49,5.21,5.42
2536,2015-08-28,4.94,5.49,4.94,5.28
2535,2015-08-31,5.28,5.35,5.15,5.21
2534,2015-09-01,5.28,5.42,5.21,5.28
2533,2015-09-03,5.35,5.49,5.35,5.35
2532,2015-09-04,5.28,5.42,5.28,5.35
2531,2015-09-07,5.28,5.35,5.21,5.21
2530,2015-09-08,5.28,5.35,5.15,5.28
2529,2015-09-09,5.35,5.35,5.21,5.28
2528,2015-09-10,4.8,5.35,4.8,5.21
2527,2015-09-11,5.21,5.28,5.15,5.15
2526,2015-09-14,5.21,5.21,5.08,5.21
2525,2015-09-15,5.15,5.21,5.15,5.21
2524,2015-09-16,5.15,5.21,5.15,5.15
2523,2015-09-17,5.15,5.21,5.15,5.21
2522,2015-09-18,5.21,5.42,5.21,5.42
2521,2015-09-21,5.35,5.42,5.28,5.35
2520,2015-09-22,5.35,5.35,5.28,5.35
2519,2015-09-23,5.28,5.28,5.21,5.28
2518,2015-09-24,5.28,5.42,5.28,5.35
2517,2015-09-25,5.28,5.35,5.21,5.21
2516,2015-09-28,5.28,5.35,5.21,5.21
2515,2015-09-29,5.35,5.35,5.15,5.21
2514,2015-09-30,5.21,5.28,5.21,5.28
2513,2015-10-01,5.21,5.35,5.15,5.28
2512,2015-10-02,5.21,5.35,5.21,5.28
2511,2015-10-05,5.28,5.49,5.21,5.49
2510,2015-10-06,5.56,5.76,5.42,5.76
2509,2015-10-07,5.76,5.76,5.63,5.69
2508,2015-10-08,5.69,5.83,5.56,5.76
2507,2015-10-09,5.21,5.83,5.21,5.69
2506,2015-10-12,5.63,5.76,5.63,5.63
2505,2015-10-13,5.63,5.63,5.49,5.63
2504,2015-10-14,5.63,5.63,5.49,5.56
2503,2015-10-15,5.56,5.63,5.49,5.63
2502,2015-10-16,5.63,5.69,5.56,5.69
2501,2015-10-19,5.63,5.69,5.56,5.69
2500,2015-10-20,5.63,5.63,5.42,5.42
2499,2015-10-21,5.42,5.49,5.35,5.49
2498,2015-10-22,5.49,5.56,5.42,5.49
2497,2015-10-23,5.49,5.56,5.42,5.49
2496,2015-10-26,5.49,5.56,5.42,5.42
2495,2015-10-27,5.35,5.56,5.35,5.56
2494,2015-10-28,5.56,5.63,5.49,5.49
2493,2015-10-29,5.49,5.56,5.49,5.49
2492,2015-10-30,5.49,5.49,5.42,5.49
2491,2015-11-02,5.56,5.56,5.42,5.49
2490,2015-11-03,5.49,5.69,5.42,5.69
2489,2015-11-04,5.69,5.69,5.56,5.63
2488,2015-11-05,5.63,5.63,5.49,5.56
2487,2015-11-06,5.56,5.63,5.49,5.63
2486,2015-11-09,5.56,5.63,5.56,5.56
2485,2015-11-10,5.63,5.63,5.49,5.56
2484,2015-11-11,5.49,5.56,5.49,5.49
2483,2015-11-12,5.49,5.56,5.42,5.56
2482,2015-11-13,5.56,5.63,5.49,5.63
2481,2015-11-16,5.63,5.97,5.56,5.9
2480,2015-11-17,5.9,6.04,5.83,5.83
2479,2015-11-18,5.9,5.9,5.83,5.83
2478,2015-11-19,5.83,5.9,5.76,5.76
2477,2015-11-20,5.83,5.9,5.69,5.83
2476,2015-11-23,5.9,6.04,5.83,5.97
2475,2015-11-24,5.97,6.11,5.97,5.97
2474,2015-11-25,6.04,6.38,5.9,6.24
2473,2015-11-26,6.24,6.31,6.04,6.04
2472,2015-11-27,6.04,6.24,5.97,6.04
2471,2015-11-30,6.04,6.04,5.76,5.83
2470,2015-12-01,5.83,5.9,5.76,5.76
2469,2015-12-02,5.76,5.83,5.69,5.76
2468,2015-12-03,5.76,5.83,5.69,5.69
2467,2015-12-04,5.69,5.69,5.63,5.69
2466,2015-12-07,5.69,5.69,5.63,5.63
2465,2015-12-08,5.63,5.76,5.49,5.69
2464,2015-12-09,5.69,5.69,5.56,5.56
2463,2015-12-10,5.56,5.63,5.49,5.49
2462,2015-12-11,5.49,5.63,5.49,5.49
2461,2015-12-14,5.49,5.63,5.42,5.56
2460,2015-12-15,5.63,5.63,5.56,5.63
2459,2015-12-16,5.63,5.69,5.63,5.63
2458,2015-12-17,5.63,5.76,5.63,5.69
2457,2015-12-18,5.69,5.76,5.63,5.63
2456,2015-12-21,5.63,5.69,5.56,5.63
2455,2015-12-22,5.63,5.69,5.63,5.69
2454,2015-12-23,5.69,5.69,5.63,5.63
2453,2015-12-24,5.63,5.83,5.63,5.69
2452,2015-12-25,5.69,5.76,5.63,5.69
2451,2015-12-28,5.76,5.76,5.63,5.69
2450,2015-12-29,5.63,5.97,5.63,5.97
2449,2015-12-30,6.04,6.17,5.9,5.97
2448,2015-12-31,5.97,6.04,5.97,5.97
2447,2016-01-04,5.97,6.04,5.9,5.97
2446,2016-01-05,5.9,5.97,5.9,5.9
2445,2016-01-06,5.9,6.04,5.9,5.97
2444,2016-01-07,5.97,5.97,5.76,5.76
2443,2016-01-08,5.69,5.76,5.63,5.69
2442,2016-01-11,5.69,5.76,5.63,5.63
2441,2016-01-12,5.69,5.83,5.63,5.83
2440,2016-01-13,5.9,5.9,5.69,5.76
2439,2016-01-14,5.69,5.97,5.63,5.83
2438,2016-01-15,5.83,5.9,5.76,5.83
2437,2016-01-18,5.69,5.76,5.56,5.63
2436,2016-01-19,5.63,5.83,5.63,5.83
2435,2016-01-20,5.76,5.9,5.69,5.76
2434,2016-01-21,5.76,5.83,5.63,5.69
2433,2016-01-22,5.76,5.83,5.69,5.76
2432,2016-01-25,5.83,6.04,5.76,5.9
2431,2016-01-26,5.9,5.97,5.76,5.83
2430,2016-01-27,5.9,6.04,5.9,6.04
2429,2016-01-28,6.04,6.59,5.97,6.38
2428,2016-01-29,6.38,6.45,6.31,6.38
2427,2016-02-01,7.0,7.0,6.38,6.45
2426,2016-02-02,6.52,6.52,6.24,6.24
2425,2016-02-03,6.24,6.38,6.11,6.31
2424,2016-02-04,5.69,6.38,5.69,6.31
2423,2016-02-05,6.31,6.38,6.24,6.38
2422,2016-02-15,6.31,6.45,6.24,6.31
2421,2016-02-16,6.31,6.65,6.31,6.59
2420,2016-02-17,6.59,6.79,6.52,6.65
2419,2016-02-18,6.65,6.72,6.59,6.59
2418,2016-02-19,6.52,6.65,6.52,6.52
2417,2016-02-22,6.52,6.72,6.52,6.59
2416,2016-02-23,6.59,6.65,6.45,6.52
2415,2016-02-24,6.52,6.79,6.45,6.65
2414,2016-02-25,6.65,6.93,6.59,6.59
2413,2016-02-26,6.65,6.72,6.59,6.59
2412,2016-02-29,6.59,6.65,6.52,6.59
2411,2016-03-01,6.59,6.65,6.59,6.59
2410,2016-03-02,6.65,6.79,6.59,6.72
2409,2016-03-03,6.72,6.86,6.65,6.72
2408,2016-03-04,6.72,6.86,6.72,6.79
2407,2016-03-07,6.79,6.86,6.65,6.65
2406,2016-03-08,6.65,6.72,6.59,6.59
2405,2016-03-09,6.59,6.65,6.59,6.59
2404,2016-03-10,6.59,6.65,6.59,6.65
2403,2016-03-11,6.65,6.65,6.59,6.59
2402,2016-03-14,6.59,6.72,6.59,6.65
2401,2016-03-15,6.65,6.72,6.52,6.59
2400,2016-03-16,6.59,6.59,6.45,6.45
2399,2016-03-17,6.45,6.59,6.45,6.52
2398,2016-03-18,6.59,6.59,6.45,6.45
2397,2016-03-21,6.45,6.52,6.31,6.31
2396,2016-03-22,6.31,6.38,6.17,6.31
2395,2016-03-23,6.31,6.45,6.31,6.38
2394,2016-03-24,6.38,6.45,6.31,6.31
2393,2016-03-25,6.24,6.31,6.17,6.17
2392,2016-03-28,6.17,6.24,6.11,6.17
2391,2016-03-29,6.17,6.24,5.97,5.97
2390,2016-03-30,5.97,6.24,5.9,6.17
2389,2016-03-31,6.24,6.24,5.97,5.97
2388,2016-04-01,5.97,6.17,5.9,6.11
2387,2016-04-04,6.11,6.17,6.11,6.17
2386,2016-04-05,5.97,6.31,5.97,6.24
2385,2016-04-06,6.31,6.31,6.24,6.31
2384,2016-04-07,6.31,6.45,6.24,6.24
2383,2016-04-08,6.24,6.38,6.24,6.31
2382,2016-04-11,6.31,6.38,6.24,6.31
2381,2016-04-12,6.38,6.45,6.24,6.31
2380,2016-04-13,6.31,6.31,6.24,6.24
2379,2016-04-14,6.24,6.24,6.17,6.17
2378,2016-04-15,6.24,6.24,6.11,6.11
2377,2016-04-19,6.11,6.24,6.11,6.17
2376,2016-04-20,6.17,6.31,6.11,6.24
2375,2016-04-21,6.24,6.38,6.24,6.38
2374,2016-04-22,6.38,6.45,6.31,6.45
2373,2016-04-25,6.52,6.52,6.31,6.38
2372,2016-04-26,6.38,6.45,6.31,6.45
2371,2016-04-27,6.45,6.45,6.24,6.24
2370,2016-04-28,6.31,6.45,6.24,6.24
2369,2016-04-29,6.31,6.38,6.24,6.31
2368,2016-05-04,6.31,6.31,6.17,6.24
2367,2016-05-05,6.17,6.31,6.17,6.17
2366,2016-05-06,6.17,6.24,6.17,6.24
2365,2016-05-09,6.31,6.31,6.11,6.11
2364,2016-05-10,6.11,6.17,5.97,5.97
2363,2016-05-11,5.97,6.24,5.97,6.11
2362,2016-05-12,6.11,6.17,6.04,6.04
2361,2016-05-13,6.04,6.17,5.97,6.11
2360,2016-05-16,6.11,6.11,6.04,6.04
2359,2016-05-17,6.11,6.38,6.04,6.31
2358,2016-05-18,6.31,6.38,6.17,6.24
2357,2016-05-19,6.24,6.31,6.17,6.17
2356,2016-05-20,6.11,6.24,6.11,6.24
2355,2016-05-23,6.24,6.24,6.17,6.17
2354,2016-05-24,6.17,6.24,6.11,6.11
2353,2016-05-25,6.17,6.17,6.11,6.17
2352,2016-05-26,6.17,6.17,6.11,6.11
2351,2016-05-27,6.11,6.24,6.11,6.17
2350,2016-05-30,6.24,6.45,6.24,6.38
2349,2016-05-31,6.38,6.59,6.38,6.45
2348,2016-06-01,6.59,6.59,6.45,6.59
2347,2016-06-02,6.59,6.65,6.52,6.59
2346,2016-06-03,6.59,6.72,6.45,6.52
2345,2016-06-06,6.38,6.59,6.38,6.52
2344,2016-06-07,6.52,6.86,6.52,6.72
2343,2016-06-08,6.72,6.86,6.72,6.79
2342,2016-06-09,6.86,6.86,6.72,6.79
2341,2016-06-10,6.79,6.86,6.72,6.72
2340,2016-06-13,6.72,6.72,6.59,6.65
2339,2016-06-14,6.65,6.72,6.59,6.65
2338,2016-06-15,6.65,6.72,6.59,6.65
2337,2016-06-16,6.65,6.79,6.65,6.72
2336,2016-06-17,6.72,6.72,6.59,6.65
2335,2016-06-20,6.59,6.72,6.59,6.65
2334,2016-06-21,6.65,6.72,6.65,6.65
2333,2016-06-22,6.65,7.0,6.65,6.86
2332,2016-06-23,7.0,7.0,6.72,6.93
2331,2016-06-24,7.0,7.07,6.24,6.72
2330,2016-06-27,6.72,6.79,6.45,6.79
2329,2016-06-28,6.79,6.79,6.65,6.72
2328,2016-06-29,6.72,6.79,6.65,6.65
2327,2016-06-30,6.72,6.86,6.65,6.65
2326,2016-07-01,6.72,6.72,6.65,6.65
2325,2016-07-04,6.72,6.79,6.65,6.79
2324,2016-07-05,6.79,6.93,6.72,6.86
2323,2016-07-06,6.86,7.55,6.79,7.34
2322,2016-07-07,7.41,7.75,7.2,7.55
2321,2016-07-08,7.62,7.68,7.41,7.55
2320,2016-07-11,7.62,7.82,7.07,7.14
2319,2016-07-12,7.14,7.48,7.07,7.48
2318,2016-07-13,7.48,7.68,7.41,7.55
2317,2016-07-14,7.55,7.55,7.2,7.2
2316,2016-07-15,7.14,7.34,7.14,7.2
2315,2016-07-18,7.2,7.41,7.2,7.34
2314,2016-07-19,7.41,7.41,7.07,7.27
2313,2016-07-20,7.2,7.27,7.0,7.0
2312,2016-07-21,7.07,7.14,6.86,6.93
2311,2016-07-22,6.93,6.93,6.65,6.86
2310,2016-07-25,6.86,7.07,6.86,6.86
2309,2016-07-26,6.86,6.93,6.79,6.86
2308,2016-07-27,6.86,7.0,6.86,6.86
2307,2016-07-28,6.86,6.93,6.72,6.79
2306,2016-07-29,6.79,6.86,6.72,6.79
2305,2016-08-01,6.79,6.86,6.72,6.79
2304,2016-08-02,6.93,6.93,6.52,6.79
2303,2016-08-03,6.72,6.72,6.52,6.52
2302,2016-08-04,6.59,6.65,6.38,6.38
2301,2016-08-05,6.38,6.45,6.17,6.31
2300,2016-08-08,6.24,6.38,6.24,6.31
2299,2016-08-09,6.38,6.45,6.31,6.38
2298,2016-08-10,6.38,6.52,6.31,6.45
2297,2016-08-11,6.45,6.72,6.38,6.65
2296,2016-08-12,6.65,6.72,6.52,6.59
2295,2016-08-15,6.59,6.72,6.52,6.72
2294,2016-08-16,6.72,6.79,6.59,6.59
2293,2016-08-17,6.59,6.59,6.45,6.52
2292,2016-08-18,6.52,6.59,6.38,6.52
2291,2016-08-19,6.59,6.59,6.45,6.45
2290,2016-08-22,6.45,6.65,6.38,6.45
2289,2016-08-23,6.52,6.59,6.52,6.59
2288,2016-08-24,6.59,6.86,6.52,6.72
2287,2016-08-25,6.79,6.93,6.72,6.79
2286,2016-08-26,6.79,7.0,6.79,6.93
2285,2016-08-29,6.93,7.14,6.93,6.93
2284,2016-08-30,7.2,7.2,6.86,7.0
2283,2016-08-31,7.07,7.14,6.93,7.07
2282,2016-09-01,7.07,7.14,6.86,6.86
2281,2016-09-05,6.93,7.0,6.86,6.86
2280,2016-09-06,6.86,6.86,6.79,6.79
2279,2016-09-07,6.79,7.0,6.72,6.93
2278,2016-09-08,6.93,6.93,6.79,6.79
2277,2016-09-09,6.79,6.93,6.79,6.86
2276,2016-09-12,6.86,6.93,6.72,6.79
2275,2016-09-13,6.79,6.93,6.79,6.86
2274,2016-09-14,6.86,6.93,6.17,6.79
2273,2016-09-15,6.79,6.86,6.65,6.79
2272,2016-09-16,6.79,6.79,6.65,6.65
2271,2016-09-19,6.72,6.79,6.65,6.72
2270,2016-09-20,6.72,6.79,6.65,6.79
2269,2016-09-21,6.79,6.79,6.65,6.72
2268,2016-09-22,6.72,6.93,6.72,6.79
2267,2016-09-23,6.86,6.86,6.72,6.72
2266,2016-09-26,6.72,6.79,6.65,6.72
2265,2016-09-27,6.72,6.86,6.72,6.79
2264,2016-09-28,6.79,6.86,6.72,6.72
2263,2016-09-29,6.79,6.79,6.72,6.72
2262,2016-09-30,6.72,6.72,6.65,6.65
2261,2016-10-03,6.65,6.79,6.65,6.65
2260,2016-10-04,6.65,6.72,6.59,6.59
2259,2016-10-05,6.59,6.72,6.59,6.72
2258,2016-10-06,6.72,6.79,6.72,6.72
2257,2016-10-07,6.79,7.0,6.79,6.86
2256,2016-10-10,6.86,6.93,6.79,6.79
2255,2016-10-11,6.79,6.79,6.65,6.72
2254,2016-10-12,6.72,6.79,6.65,6.65
2253,2016-10-13,6.65,6.79,6.59,6.72
2252,2016-10-14,6.65,6.79,6.65,6.72
2251,2016-10-17,6.72,6.79,6.65,6.72
2250,2016-10-18,6.72,6.79,6.65,6.72
2249,2016-10-19,6.72,6.72,6.65,6.65
2248,2016-10-20,6.72,6.72,6.65,6.65
2247,2016-10-21,6.65,6.72,6.52,6.59
2246,2016-10-24,6.65,6.65,6.52,6.52
2245,2016-10-25,6.52,6.52,6.45,6.52
2244,2016-10-26,6.52,6.52,6.38,6.45
2243,2016-10-27,6.45,6.65,6.45,6.52
2242,2016-10-28,6.52,6.59,6.45,6.45
2241,2016-10-31,6.45,6.59,6.38,6.45
2240,2016-11-01,6.52,6.52,6.38,6.38
2239,2016-11-02,6.45,6.45,6.24,6.24
2238,2016-11-03,6.24,6.24,5.9,6.11
2237,2016-11-04,6.11,6.11,5.97,6.04
2236,2016-11-07,6.11,6.31,6.04,6.31
2235,2016-11-08,6.38,6.38,6.17,6.24
2234,2016-11-09,6.24,6.24,5.83,6.24
2233,2016-11-10,6.24,6.24,6.17,6.24
2232,2016-11-18,6.38,6.46,6.31,6.35
2231,2016-11-21,6.41,6.41,6.17,6.17
2230,2016-11-22,6.24,6.28,6.17,6.21
2229,2016-11-23,6.21,6.26,6.19,6.23
2228,2016-11-24,6.24,6.24,6.17,6.17
2227,2016-11-25,6.17,6.19,6.08,6.08
2226,2016-11-28,6.15,6.15,5.9,5.9
2225,2016-11-29,5.9,5.97,5.8,5.82
2224,2016-11-30,5.81,5.89,5.73,5.84
2223,2016-12-01,5.83,6.01,5.83,5.93
2222,2016-12-02,5.9,5.91,5.84,5.84
2221,2016-12-05,5.85,5.85,5.69,5.69
2220,2016-12-06,5.68,5.68,5.49,5.49
2219,2016-12-07,5.49,5.49,5.28,5.28
2218,2016-12-08,5.28,5.42,5.28,5.41
2217,2016-12-09,5.42,5.53,5.41,5.52
2216,2016-12-12,5.49,5.49,5.35,5.41
2215,2016-12-13,5.35,5.35,5.28,5.28
2214,2016-12-14,5.29,5.34,5.28,5.32
2213,2016-12-15,5.3,5.32,5.28,5.28
2212,2016-12-16,5.48,5.55,5.28,5.54
2211,2016-12-19,5.55,5.83,5.55,5.79
2210,2016-12-20,5.79,6.1,5.79,5.85
2209,2016-12-21,5.85,5.85,5.71,5.73
2208,2016-12-22,5.69,5.76,5.61,5.69
2207,2016-12-23,5.69,5.69,5.55,5.55
2206,2016-12-26,5.55,5.76,5.53,5.76
2205,2016-12-27,5.76,6.04,5.76,6.04
2204,2016-12-28,6.04,6.21,5.94,6.2
2203,2016-12-29,6.25,6.3,6.2,6.21
2202,2016-12-30,6.2,6.2,6.12,6.2
2201,2017-01-03,6.19,6.22,6.12,6.16
2200,2017-01-04,6.15,6.18,6.08,6.12
2199,2017-01-05,6.12,6.27,6.06,6.2
2198,2017-01-06,6.24,6.25,6.2,6.25
2197,2017-01-09,6.25,6.25,6.17,6.2
2196,2017-01-10,6.19,6.2,6.09,6.2
2195,2017-01-11,6.2,6.22,6.15,6.15
2194,2017-01-12,6.2,6.23,6.15,6.22
2193,2017-01-13,6.21,6.21,6.16,6.19
2192,2017-01-16,6.18,6.18,5.76,5.91
2191,2017-01-17,5.91,6.04,5.91,5.92
2190,2017-01-18,5.98,5.98,5.87,5.91
2189,2017-01-19,5.84,5.91,5.76,5.85
2188,2017-01-20,5.76,6.02,5.76,5.91
2187,2017-01-23,5.91,5.91,5.86,5.89
2186,2017-01-24,5.87,5.94,5.87,5.91
2185,2017-01-25,5.91,5.94,5.89,5.94
2184,2017-02-02,5.98,6.04,5.94,6.04
2183,2017-02-03,6.04,6.06,5.97,6.05
2182,2017-02-06,6.04,6.04,5.99,6.04
2181,2017-02-07,6.01,6.25,6.01,6.25
2180,2017-02-08,6.22,6.29,6.2,6.26
2179,2017-02-09,6.23,6.26,6.21,6.24
2178,2017-02-10,6.23,6.23,6.18,6.22
2177,2017-02-13,6.22,6.22,6.15,6.15
2176,2017-02-14,6.17,6.24,6.12,6.22
2175,2017-02-15,6.2,6.2,6.12,6.2
2174,2017-02-16,6.2,6.2,6.15,6.15
2173,2017-02-17,6.13,6.15,6.07,6.08
2172,2017-02-20,6.08,6.2,6.08,6.15
2171,2017-02-21,6.17,6.2,6.15,6.17
2170,2017-02-22,6.18,6.2,6.12,6.17
2169,2017-02-23,6.18,6.18,6.06,6.13
2168,2017-02-24,6.13,6.26,6.12,6.12
2167,2017-02-27,6.12,6.15,5.91,6.13
2166,2017-02-28,6.14,6.36,6.14,6.3
2165,2017-03-01,6.3,6.31,6.05,6.05
2164,2017-03-02,6.14,6.15,6.04,6.15
2163,2017-03-03,6.09,6.15,6.03,6.03
2162,2017-03-06,6.05,6.07,5.99,5.99
2161,2017-03-07,5.99,6.07,5.98,5.99
2160,2017-03-08,6.04,6.11,5.99,6.02
2159,2017-03-09,6.02,6.09,5.91,5.91
2158,2017-03-10,5.98,5.98,5.84,5.84
2157,2017-03-13,5.84,5.9,5.8,5.81
2156,2017-03-14,5.81,5.85,5.76,5.85
2155,2017-03-15,5.89,5.89,5.76,5.79
2154,2017-03-16,5.84,5.84,5.78,5.78
2153,2017-03-17,5.84,5.96,5.78,5.88
2152,2017-03-20,5.84,6.03,5.84,5.91
2151,2017-03-21,5.91,5.95,5.89,5.9
2150,2017-03-22,5.91,5.91,5.78,5.8
2149,2017-03-23,5.81,5.89,5.79,5.89
2148,2017-03-24,5.94,6.01,5.84,5.84
2147,2017-03-27,5.84,5.92,5.84,5.89
2146,2017-03-28,5.9,5.93,5.84,5.91
2145,2017-03-29,5.91,5.91,5.84,5.84
2144,2017-03-30,5.89,5.89,5.84,5.84
2143,2017-03-31,5.88,5.89,5.79,5.79
2142,2017-04-03,5.79,6.15,5.79,6.1
2141,2017-04-04,6.12,6.3,6.12,6.16
2140,2017-04-05,6.16,6.21,6.07,6.12
2139,2017-04-07,6.02,6.15,5.98,6.12
2138,2017-04-10,6.12,6.36,6.02,6.16
2137,2017-04-11,6.28,6.39,6.22,6.33
2136,2017-04-12,6.35,6.75,6.33,6.67
2135,2017-04-13,6.63,6.65,6.42,6.48
2134,2017-04-14,6.48,6.52,6.25,6.48
2133,2017-04-17,6.48,6.67,6.27,6.45
2132,2017-04-18,6.46,6.46,6.18,6.27
2131,2017-04-19,6.27,6.43,6.2,6.29
2130,2017-04-20,6.29,6.4,6.26,6.29
2129,2017-04-21,6.29,6.33,6.19,6.2
2128,2017-04-24,6.17,6.2,6.03,6.03
2127,2017-04-25,5.99,6.09,5.94,6.05
2126,2017-04-26,6.05,6.21,6.02,6.21
2125,2017-04-27,6.21,6.31,6.13,6.13
2124,2017-04-28,6.12,6.27,6.11,6.2
2123,2017-05-03,6.23,6.25,6.2,6.22
2122,2017-05-04,6.27,6.62,6.27,6.55
2121,2017-05-05,6.63,6.74,6.61,6.63
2120,2017-05-08,6.7,7.09,6.7,7.09
2119,2017-05-09,7.17,7.2,6.99,7.07
2118,2017-05-10,7.1,7.56,7.1,7.56
2117,2017-05-11,7.67,7.92,7.46,7.46
2116,2017-05-12,7.46,7.96,7.38,7.96
2115,2017-05-15,8.25,8.5,8.11,8.5
2114,2017-05-16,8.65,9.08,8.5,9.08
2113,2017-05-17,8.83,9.55,8.5,9.37
2112,2017-05-18,9.4,9.51,8.72,8.72
2111,2017-05-19,8.5,8.79,8.18,8.43
2110,2017-05-22,8.57,9.01,8.5,9.01
2109,2017-05-23,9.08,9.37,8.72,8.79
2108,2017-05-24,8.72,8.93,8.47,8.61
2107,2017-05-25,8.61,8.93,8.57,8.68
2106,2017-05-26,8.86,9.08,8.61,8.83
2105,2017-05-29,9.15,9.37,8.86,8.86
2104,2017-05-30,8.97,9.01,8.68,8.79
2103,2017-05-31,8.79,8.79,8.18,8.18
2102,2017-06-01,7.92,8.29,7.82,8.0
2101,2017-06-02,8.14,8.36,8.03,8.29
2100,2017-06-05,8.29,8.36,7.92,7.92
2099,2017-06-06,7.89,8.29,7.89,8.21
2098,2017-06-07,8.36,8.54,8.25,8.29
2097,2017-06-08,8.29,8.39,8.18,8.18
2096,2017-06-09,8.25,8.47,8.18,8.36
2095,2017-06-12,8.43,8.79,8.43,8.65
2094,2017-06-13,8.72,8.72,8.43,8.5
2093,2017-06-14,8.65,8.65,8.39,8.39
2092,2017-06-15,8.39,8.47,8.21,8.25
2091,2017-06-16,8.25,8.39,8.25,8.32
2090,2017-06-19,8.47,8.54,8.21,8.21
2089,2017-06-20,8.32,8.43,8.21,8.36
2088,2017-06-21,8.36,8.9,8.21,8.9
2087,2017-06-22,8.9,9.15,8.9,9.04
2086,2017-06-23,9.04,9.22,8.86,9.04
2085,2017-06-26,9.08,9.29,9.01,9.04
2084,2017-06-27,9.04,9.15,8.75,8.83
2083,2017-06-28,8.83,8.93,8.72,8.9
2082,2017-06-29,8.97,9.15,8.86,8.9
2081,2017-06-30,9.01,9.08,8.79,8.83
2080,2017-07-03,8.86,8.97,8.79,8.86
2079,2017-07-04,8.86,8.93,8.61,8.65
2078,2017-07-05,8.65,8.86,8.54,8.72
2077,2017-07-06,8.83,9.01,8.72,8.97
2076,2017-07-07,9.04,9.04,8.65,8.65
2075,2017-07-10,8.65,8.72,8.43,8.5
2074,2017-07-11,8.47,8.54,8.21,8.43
2073,2017-07-12,8.57,8.57,8.39,8.39
2072,2017-07-13,8.39,8.47,8.32,8.39
2071,2017-07-14,8.39,8.47,8.36,8.36
2070,2017-07-17,8.36,8.36,7.82,7.92
2069,2017-07-18,7.85,8.0,7.71,7.82
2068,2017-07-19,7.92,7.96,7.71,7.85
2067,2017-07-20,7.82,8.07,7.78,8.07
2066,2017-07-21,8.07,8.14,7.89,7.89
2065,2017-07-24,7.78,7.85,7.64,7.67
2064,2017-07-25,7.67,7.92,7.64,7.92
2063,2017-07-26,8.0,8.47,7.89,8.47
2062,2017-07-27,8.47,8.57,8.21,8.29
2061,2017-07-28,8.29,8.43,8.25,8.29
2060,2017-07-31,8.29,8.39,8.25,8.32
2059,2017-08-01,8.36,8.79,8.25,8.43
2058,2017-08-02,8.39,8.47,8.21,8.36
2057,2017-08-03,8.32,8.54,8.32,8.39
2056,2017-08-04,8.36,8.43,8.29,8.32
2055,2017-08-07,8.29,8.43,8.25,8.29
2054,2017-08-08,8.29,8.36,8.0,8.0
2053,2017-08-09,8.0,8.0,7.46,7.64
2052,2017-08-10,7.74,7.92,7.64,7.92
2051,2017-08-11,7.85,8.14,7.78,7.89
2050,2017-08-14,7.78,8.07,7.78,8.07
2049,2017-08-15,7.96,8.07,7.85,7.85
2048,2017-08-16,7.74,7.89,7.74,7.85
2047,2017-08-17,7.82,8.03,7.82,7.82
2046,2017-08-18,7.78,7.85,7.71,7.74
2045,2017-08-21,7.74,7.85,7.71,7.78
2044,2017-08-22,7.82,7.82,7.56,7.67
2043,2017-08-23,7.64,7.71,7.56,7.67
2042,2017-08-24,7.67,7.82,7.56,7.74
2041,2017-08-25,7.74,7.74,7.64,7.64
2040,2017-08-28,7.67,7.92,7.64,7.85
2039,2017-08-29,7.85,8.07,7.82,7.85
2038,2017-08-30,7.85,7.89,7.74,7.74
2037,2017-08-31,7.78,7.82,7.71,7.78
2036,2017-09-01,7.85,7.85,7.67,7.71
2035,2017-09-05,7.78,8.21,7.78,8.21
2034,2017-09-06,8.21,8.25,8.03,8.07
2033,2017-09-07,8.03,8.21,8.0,8.0
2032,2017-09-08,8.0,8.14,8.0,8.03
2031,2017-09-11,8.14,8.29,8.07,8.11
2030,2017-09-12,8.14,8.21,8.03,8.11
2029,2017-09-13,8.18,8.47,8.18,8.43
2028,2017-09-14,8.54,8.54,8.36,8.36
2027,2017-09-15,8.39,8.47,8.32,8.43
2026,2017-09-18,8.5,8.65,8.39,8.5
2025,2017-09-19,8.5,8.54,8.32,8.32
2024,2017-09-20,8.32,8.47,8.29,8.43
2023,2017-09-21,8.47,8.47,8.25,8.29
2022,2017-09-22,8.21,8.36,8.21,8.21
2021,2017-09-25,8.21,8.32,8.18,8.21
2020,2017-09-26,8.25,8.25,8.14,8.14
2019,2017-09-27,8.21,8.21,8.07,8.11
2018,2017-09-28,8.11,8.21,7.96,7.96
2017,2017-09-29,7.92,8.07,7.92,8.07
2016,2017-10-02,8.07,8.07,7.82,7.89
2015,2017-10-03,7.85,7.89,7.64,7.78
2014,2017-10-04,7.85,8.0,7.82,8.0
2013,2017-10-05,8.07,8.11,7.92,7.92
2012,2017-10-06,8.0,8.0,7.89,7.96
2011,2017-10-09,8.03,8.14,7.96,8.0
2010,2017-10-10,8.03,8.21,8.0,8.14
2009,2017-10-11,8.18,8.32,8.14,8.18
2008,2017-10-12,8.21,8.25,8.18,8.21
2007,2017-10-13,8.25,8.25,8.11,8.11
2006,2017-10-16,8.11,8.14,7.92,7.92
2005,2017-10-17,7.92,8.03,7.92,7.92
2004,2017-10-18,7.96,8.0,7.85,7.89
2003,2017-10-19,7.96,8.0,7.78,7.78
2002,2017-10-20,8.09,8.09,7.94,7.98
2001,2017-10-23,7.94,7.94,7.75,7.79
2000,2017-10-24,7.79,7.83,7.61,7.7
1999,2017-10-25,7.71,7.86,7.65,7.75
1998,2017-10-26,7.75,7.75,7.32,7.42
1997,2017-10-27,7.42,7.45,7.2,7.25
1996,2017-10-30,7.25,7.36,6.96,6.96
1995,2017-10-31,6.88,6.96,6.71,6.71
1994,2017-11-01,6.63,6.85,6.61,6.77
1993,2017-11-02,6.71,7.17,6.71,6.92
1992,2017-11-03,6.98,7.09,6.91,6.96
1991,2017-11-06,7.08,7.08,6.98,7.02
1990,2017-11-07,7.05,7.05,6.98,6.98
1989,2017-11-08,6.98,7.14,6.98,7.0
1988,2017-11-09,7.02,7.05,6.86,6.88
1987,2017-11-10,6.92,7.02,6.89,6.99
1986,2017-11-13,7.03,7.03,6.85,6.94
1985,2017-11-14,6.92,6.95,6.9,6.93
1984,2017-11-15,6.93,7.31,6.86,7.25
1983,2017-11-16,7.18,7.36,7.18,7.24
1982,2017-11-17,7.25,7.29,7.11,7.2
1981,2017-11-20,7.17,7.2,7.08,7.09
1980,2017-11-21,7.09,7.2,7.02,7.11
1979,2017-11-22,7.16,7.19,7.05,7.12
1978,2017-11-23,7.12,7.31,7.12,7.24
1977,2017-11-24,7.32,7.62,7.17,7.56
1976,2017-11-27,7.52,7.71,7.52,7.56
1975,2017-11-28,7.48,7.6,7.4,7.46
1974,2017-11-29,7.44,7.54,7.4,7.49
1973,2017-11-30,7.49,7.71,7.48,7.54
1972,2017-12-01,7.52,7.61,7.52,7.54
1971,2017-12-04,7.59,7.66,7.52,7.63
1970,2017-12-05,7.7,7.98,7.63,7.67
1969,2017-12-06,7.67,7.83,7.58,7.7
1968,2017-12-07,7.79,8.02,7.79,7.94
1967,2017-12-08,8.02,8.09,7.64,7.64
1966,2017-12-11,7.56,7.67,7.11,7.17
1965,2017-12-12,7.25,7.32,6.78,7.24
1964,2017-12-13,7.24,7.24,7.02,7.04
1963,2017-12-14,7.02,7.16,7.02,7.13
1962,2017-12-15,7.17,7.35,7.09,7.25
1961,2017-12-18,7.32,7.44,7.28,7.32
1960,2017-12-19,7.48,7.48,7.32,7.36
1959,2017-12-20,7.36,7.4,7.31,7.36
1958,2017-12-21,7.37,7.37,7.23,7.29
1957,2017-12-22,7.25,7.25,7.14,7.19
1956,2017-12-25,7.17,7.27,7.14,7.14
1955,2017-12-26,7.14,7.24,7.13,7.19
1954,2017-12-27,7.17,7.26,7.12,7.15
1953,2017-12-28,7.19,7.21,7.13,7.17
1952,2017-12-29,7.17,7.18,7.09,7.1
1951,2018-01-02,7.1,7.21,7.08,7.15
1950,2018-01-03,7.15,7.29,7.15,7.16
1949,2018-01-04,7.24,7.46,7.17,7.36
1948,2018-01-05,7.4,7.48,7.31,7.31
1947,2018-01-08,7.31,7.39,7.31,7.32
1946,2018-01-09,7.44,7.83,7.4,7.83
1945,2018-01-10,8.09,8.36,7.94,8.36
1944,2018-01-11,8.52,8.79,8.4,8.56
1943,2018-01-12,8.4,8.6,8.25,8.25
1942,2018-01-15,8.17,8.79,8.17,8.75
1941,2018-01-16,8.71,9.1,8.63,8.87
1940,2018-01-17,8.67,8.9,8.4,8.48
1939,2018-01-18,8.36,8.63,8.25,8.63
1938,2018-01-19,8.75,8.79,8.48,8.52
1937,2018-01-22,8.56,8.67,8.36,8.44
1936,2018-01-23,8.44,8.44,8.44,8.44
1935,2018-01-24,8.44,8.44,8.44,8.44
1934,2018-01-25,8.48,8.83,8.33,8.63
1933,2018-01-26,8.56,9.06,8.56,8.98
1932,2018-01-29,8.9,9.41,8.9,9.21
1931,2018-01-30,9.17,9.83,8.94,9.83
1930,2018-01-31,10.02,10.29,9.41,9.41
1929,2018-02-01,9.56,9.68,9.1,9.17
1928,2018-02-02,9.17,9.37,9.06,9.33
1927,2018-02-05,9.14,9.44,8.87,9.02
1926,2018-02-06,8.44,9.02,8.4,8.63
1925,2018-02-07,8.94,9.1,8.79,8.79
1924,2018-02-08,8.71,8.9,8.48,8.48
1923,2018-02-09,8.02,8.48,7.94,8.48
1922,2018-02-12,8.63,8.79,8.52,8.79
1921,2018-02-13,8.87,8.98,8.71,8.87
1920,2018-02-21,9.02,9.21,8.9,9.14
1919,2018-02-22,9.02,9.33,8.9,9.06
1918,2018-02-23,9.14,9.48,9.06,9.37
1917,2018-02-26,9.56,9.6,9.1,9.14
1916,2018-02-27,9.14,9.25,8.98,9.1
1915,2018-02-28,8.94,9.25,8.9,9.1
1914,2018-03-01,9.06,9.33,9.02,9.25
1913,2018-03-02,9.14,9.71,9.1,9.71
1912,2018-03-05,10.02,10.14,9.33,9.33
1911,2018-03-06,9.48,9.75,9.33,9.71
1910,2018-03-07,9.6,9.87,9.21,9.37
1909,2018-03-08,9.44,9.52,9.25,9.37
1908,2018-03-09,9.41,9.6,9.33,9.33
1907,2018-03-12,9.48,9.48,9.29,9.29
1906,2018-03-13,9.29,9.41,9.17,9.33
1905,2018-03-14,9.33,9.56,9.33,9.37
1904,2018-03-15,9.41,9.95,9.41,9.87
1903,2018-03-16,9.87,10.22,9.83,9.91
1902,2018-03-19,10.06,10.06,9.75,9.79
1901,2018-03-20,9.75,10.45,9.64,10.45
1900,2018-03-21,10.56,10.68,10.33,10.45
1899,2018-03-22,10.45,10.48,10.1,10.14
1898,2018-03-23,9.64,9.95,9.64,9.71
1897,2018-03-26,9.71,9.87,9.6,9.79
1896,2018-03-27,9.98,9.98,9.68,9.68
1895,2018-03-28,9.56,9.83,9.56,9.68
1894,2018-03-29,9.75,10.02,9.71,9.83
1893,2018-03-30,9.83,10.33,9.83,10.18
1892,2018-04-02,10.33,10.64,10.29,10.64
1891,2018-04-03,10.64,11.06,10.48,10.79
1890,2018-04-04,10.75,10.91,10.6,10.64
1889,2018-04-05,10.56,11.1,10.56,11.1
1888,2018-04-06,11.1,11.37,10.87,10.87
1887,2018-04-09,10.91,10.91,10.72,10.79
1886,2018-04-10,10.79,10.79,10.33,10.48
1885,2018-04-11,10.45,10.72,10.29,10.33
1884,2018-04-12,10.18,10.33,9.87,9.98
1883,2018-04-13,10.34,10.42,10.02,10.06
1882,2018-04-16,9.82,10.06,9.46,9.78
1881,2018-04-17,9.78,9.98,9.62,9.94
1880,2018-04-18,9.94,10.14,9.74,9.78
1879,2018-04-19,9.7,9.86,9.1,9.1
1878,2018-04-20,9.22,9.46,8.98,9.46
1877,2018-04-23,9.54,9.54,8.82,8.82
1876,2018-04-24,8.74,8.98,8.49,8.57
1875,2018-04-26,8.66,8.66,8.01,8.01
1874,2018-04-27,8.01,8.57,8.01,8.49
1873,2018-05-02,8.57,8.57,8.13,8.21
1872,2018-05-03,8.09,8.45,8.09,8.41
1871,2018-05-04,8.57,8.66,8.33,8.37
1870,2018-05-07,8.41,8.94,8.33,8.82
1869,2018-05-08,8.78,8.82,8.41,8.41
1868,2018-05-09,8.41,8.57,8.29,8.33
1867,2018-05-10,8.33,8.37,8.01,8.09
1866,2018-05-11,8.09,8.25,8.05,8.17
1865,2018-05-14,8.25,8.41,8.17,8.25
1864,2018-05-15,8.33,8.57,8.25,8.41
1863,2018-05-16,8.37,8.41,8.21,8.25
1862,2018-05-17,8.33,8.33,8.21,8.33
1861,2018-05-18,8.29,8.33,8.17,8.25
1860,2018-05-21,8.21,8.25,8.05,8.09
1859,2018-05-22,8.01,8.05,7.53,7.57
1858,2018-05-23,7.57,7.65,7.17,7.61
1857,2018-05-24,7.46,7.65,7.33,7.33
1856,2018-05-25,7.29,7.53,7.21,7.24
1855,2018-05-28,7.13,7.21,6.73,6.73
1854,2018-05-29,6.69,7.19,6.69,7.16
1853,2018-05-30,6.93,7.2,6.93,6.97
1852,2018-05-31,6.97,7.37,6.97,7.25
1851,2018-06-01,7.25,7.65,7.25,7.53
1850,2018-06-04,7.49,7.73,7.46,7.64
1849,2018-06-05,7.61,7.73,7.48,7.54
1848,2018-06-06,7.53,7.69,7.46,7.69
1847,2018-06-07,7.69,7.69,7.57,7.63
1846,2018-06-08,7.69,8.13,7.58,8.13
1845,2018-06-11,8.01,8.29,7.91,7.91
1844,2018-06-12,7.85,7.91,7.65,7.71
1843,2018-06-13,7.71,7.85,7.69,7.77
1842,2018-06-14,7.77,8.09,7.73,7.85
1841,2018-06-15,7.73,8.0,7.73,7.93
1840,2018-06-18,7.9,8.01,7.53,7.53
1839,2018-06-19,7.45,7.45,7.01,7.29
1838,2018-06-20,7.37,7.53,7.25,7.43
1837,2018-06-21,7.37,7.49,7.29,7.29
1836,2018-06-22,7.29,7.37,7.21,7.29
1835,2018-06-25,7.41,7.47,7.29,7.29
1834,2018-06-26,7.29,7.37,7.22,7.29
1833,2018-06-27,7.36,7.39,7.29,7.29
1832,2018-06-28,7.22,7.3,7.09,7.13
1831,2018-06-29,7.13,7.24,7.05,7.09
1830,2018-07-02,7.09,7.12,6.73,6.73
1829,2018-07-03,6.87,6.91,6.46,6.49
1828,2018-07-04,6.57,6.57,6.41,6.41
1827,2018-07-05,6.41,6.57,5.99,6.41
1826,2018-07-06,6.41,6.81,6.25,6.81
1825,2018-07-09,6.81,7.05,6.53,6.53
1824,2018-07-10,6.53,6.81,6.52,6.54
1823,2018-07-11,6.41,6.54,6.32,6.32
1822,2018-07-12,6.32,6.57,6.29,6.57
1821,2018-07-13,6.57,6.73,6.54,6.73
1820,2018-07-16,6.73,6.88,6.72,6.85
1819,2018-07-17,6.81,7.01,6.57,7.01
1818,2018-07-18,7.01,7.21,7.01,7.18
1817,2018-07-19,7.18,7.21,7.05,7.07
1816,2018-07-20,7.07,7.07,6.97,7.05
1815,2018-07-23,6.99,7.08,6.93,6.93
1814,2018-07-24,6.93,7.21,6.81,7.08
1813,2018-07-25,7.17,7.47,7.08,7.36
1812,2018-07-26,7.36,7.37,7.13,7.13
1811,2018-07-27,7.13,7.3,7.08,7.21
1810,2018-07-30,7.36,7.36,7.25,7.31
1809,2018-07-31,7.53,7.77,7.45,7.52
1808,2018-08-01,7.53,7.56,7.3,7.33
1807,2018-08-02,7.36,7.37,7.17,7.25
1806,2018-08-03,7.36,7.36,7.2,7.2
1805,2018-08-06,7.2,7.28,7.02,7.02
1804,2018-08-07,6.97,7.13,6.92,7.03
1803,2018-08-08,7.05,7.11,7.02,7.05
1802,2018-08-09,7.08,7.21,7.05,7.08
1801,2018-08-10,7.12,7.29,7.06,7.23
1800,2018-08-13,7.21,7.37,7.21,7.3
1799,2018-08-14,7.33,7.38,7.28,7.3
1798,2018-08-15,7.3,7.33,7.13,7.16
1797,2018-08-16,7.11,7.12,7.04,7.05
1796,2018-08-17,7.12,7.17,7.05,7.06
1795,2018-08-20,7.1,7.15,7.05,7.08
1794,2018-08-21,7.08,7.52,7.08,7.49
1793,2018-08-22,7.57,7.69,7.45,7.47
1792,2018-08-23,7.47,7.61,7.43,7.49
1791,2018-08-24,7.49,7.77,7.49,7.69
1790,2018-08-27,7.69,7.77,7.59,7.61
1789,2018-08-28,7.62,7.64,7.5,7.5
1788,2018-08-29,7.49,7.59,7.49,7.54
1787,2018-08-30,7.53,7.64,7.51,7.61
1786,2018-08-31,7.61,7.66,7.49,7.49
1785,2018-09-04,7.53,7.56,7.29,7.29
1784,2018-09-05,7.25,7.34,7.14,7.17
1783,2018-09-06,7.21,7.28,7.14,7.14
1782,2018-09-07,7.17,7.27,7.14,7.27
1781,2018-09-10,7.29,7.33,7.21,7.21
1780,2018-09-11,7.21,7.29,7.21,7.27
1779,2018-09-12,7.29,7.36,7.26,7.26
1778,2018-09-13,7.26,7.34,7.26,7.34
1777,2018-09-14,7.37,7.4,7.35,7.4
1776,2018-09-17,7.39,7.4,7.29,7.29
1775,2018-09-18,7.28,7.45,7.25,7.45
1774,2018-09-19,7.49,7.69,7.49,7.59
1773,2018-09-20,7.65,7.73,7.59,7.6
1772,2018-09-21,7.69,7.69,7.41,7.49
1771,2018-09-24,7.49,7.73,7.49,7.61
1770,2018-09-25,7.65,7.85,7.57,7.76
1769,2018-09-26,7.7,7.98,7.69,7.84
1768,2018-09-27,7.84,7.92,7.77,7.81
1767,2018-09-28,7.82,7.89,7.8,7.81
1766,2018-10-01,7.81,7.81,7.62,7.63
1765,2018-10-02,7.63,7.66,7.57,7.57
1764,2018-10-03,7.57,7.68,7.57,7.61
1763,2018-10-04,7.61,7.7,7.61,7.66
1762,2018-10-05,7.68,7.69,7.57,7.57
1761,2018-10-08,7.56,7.62,7.5,7.51
1760,2018-10-09,7.51,7.61,7.47,7.47
1759,2018-10-10,7.48,7.54,7.44,7.45
1758,2018-10-11,7.15,7.29,6.93,6.93
1757,2018-10-12,6.89,7.12,6.76,7.11
1756,2018-10-15,7.11,7.12,6.97,6.97
1755,2018-10-16,6.97,7.06,6.97,7.02
1754,2018-10-17,7.17,7.17,7.05,7.08
1753,2018-10-18,7.08,7.17,7.01,7.01
1752,2018-10-19,6.89,7.02,6.89,6.97
1751,2018-10-22,6.97,7.05,6.81,6.81
1750,2018-10-23,6.95,7.02,6.47,6.52
1749,2018-10-24,6.69,6.73,6.51,6.73
1748,2018-10-25,6.43,6.73,6.43,6.73
1747,2018-10-26,6.86,6.9,6.6,6.6
1746,2018-10-29,6.65,6.95,6.59,6.95
1745,2018-10-30,6.77,6.86,6.77,6.77
1744,2018-10-31,6.95,6.95,6.82,6.91
1743,2018-11-01,6.95,6.95,6.82,6.85
1742,2018-11-02,6.86,6.95,6.85,6.9
1741,2018-11-05,6.9,6.93,6.86,6.86
1740,2018-11-06,6.86,7.03,6.86,6.87
1739,2018-11-07,6.87,6.96,6.85,6.85
1738,2018-11-08,6.94,6.99,6.89,6.89
1737,2018-11-09,6.88,6.94,6.85,6.85
1736,2018-11-12,6.85,6.86,6.74,6.79
1735,2018-11-13,6.69,6.76,6.69,6.69
1734,2018-11-14,6.71,6.74,6.65,6.65
1733,2018-11-15,6.65,6.66,6.56,6.57
1732,2018-11-16,6.6,6.69,6.59,6.62
1731,2018-11-19,6.62,6.77,6.62,6.71
1730,2018-11-20,6.71,6.83,6.68,6.8
1729,2018-11-21,6.72,6.79,6.69,6.74
1728,2018-11-22,6.79,6.94,6.77,6.89
1727,2018-11-23,6.93,6.93,6.81,6.81
1726,2018-11-26,6.81,6.86,6.77,6.81
1725,2018-11-27,6.85,6.86,6.77,6.79
1724,2018-11-28,6.79,6.83,6.74,6.75
1723,2018-11-29,6.77,6.8,6.69,6.69
1722,2018-11-30,6.69,6.77,6.67,6.77
1721,2018-12-03,6.86,6.87,6.8,6.86
1720,2018-12-04,6.86,6.92,6.83,6.84
1719,2018-12-05,6.79,6.94,6.77,6.92
1718,2018-12-06,6.9,6.94,6.82,6.84
1717,2018-12-07,6.9,7.01,6.86,6.97
1716,2018-12-10,6.95,6.97,6.85,6.86
1715,2018-12-11,6.9,6.92,6.83,6.83
1714,2018-12-12,6.86,6.97,6.83,6.97
1713,2018-12-13,6.99,7.13,6.99,7.07
1712,2018-12-14,7.07,7.07,6.93,6.93
1711,2018-12-17,6.93,6.93,6.84,6.86
1710,2018-12-18,6.77,6.83,6.69,6.76
1709,2018-12-19,6.77,6.8,6.66,6.66
1708,2018-12-20,6.65,6.73,6.64,6.7
1707,2018-12-21,6.65,6.7,6.64,6.67
1706,2018-12-24,6.67,6.81,6.56,6.56
1705,2018-12-25,6.44,6.47,6.14,6.28
1704,2018-12-26,6.35,6.52,6.27,6.52
1703,2018-12-27,6.6,6.6,6.45,6.52
1702,2018-12-28,6.44,6.52,6.26,6.26
1701,2019-01-02,6.24,6.35,5.99,6.05
1700,2019-01-03,6.03,6.05,5.84,6.05
1699,2019-01-04,6.0,6.06,5.92,6.06
1698,2019-01-07,6.17,6.21,6.1,6.1
1697,2019-01-08,6.15,6.15,6.07,6.11
1696,2019-01-09,6.11,6.17,6.11,6.14
1695,2019-01-10,6.14,6.19,6.13,6.15
1694,2019-01-11,6.17,6.23,6.15,6.17
1693,2019-01-14,6.14,6.22,6.12,6.17
1692,2019-01-15,6.17,6.3,6.17,6.27
1691,2019-01-16,6.3,6.3,6.22,6.29
1690,2019-01-17,6.26,6.3,6.25,6.3
1689,2019-01-18,6.31,6.31,6.26,6.31
1688,2019-01-21,6.33,6.34,6.29,6.34
1687,2019-01-22,6.31,6.36,6.3,6.35
1686,2019-01-23,6.32,6.36,6.31,6.36
1685,2019-01-24,6.33,6.36,6.33,6.35
1684,2019-01-25,6.33,6.34,6.27,6.3
1683,2019-01-28,6.26,6.29,6.23,6.29
1682,2019-01-29,6.29,6.29,6.22,6.29
1681,2019-01-30,6.23,6.35,6.23,6.35
1680,2019-01-31,6.35,6.43,6.28,6.43
1679,2019-02-01,6.43,6.52,6.31,6.52
1678,2019-02-11,6.52,6.52,6.43,6.44
1677,2019-02-12,6.47,6.54,6.43,6.51
1676,2019-02-13,6.52,6.53,6.5,6.51
1675,2019-02-14,6.52,6.65,6.51,6.59
1674,2019-02-15,6.62,6.74,6.62,6.68
1673,2019-02-18,6.69,6.71,6.59,6.61
1672,2019-02-19,6.61,6.65,6.48,6.48
1671,2019-02-20,6.5,6.5,6.44,6.49
1670,2019-02-21,6.49,6.5,6.39,6.39
1669,2019-02-22,6.37,6.44,6.36,6.4
1668,2019-02-25,6.41,6.47,6.41,6.41
1667,2019-02-26,6.41,6.43,6.35,6.4
1666,2019-02-27,6.4,6.51,6.37,6.45
1665,2019-02-28,6.45,6.54,6.39,6.39
1664,2019-03-01,6.39,6.45,6.39,6.42
1663,2019-03-04,6.5,6.77,6.42,6.65
1662,2019-03-05,6.68,6.86,6.64,6.72
1661,2019-03-06,6.72,6.76,6.66,6.7
1660,2019-03-07,6.7,6.77,6.59,6.6
1659,2019-03-08,6.52,6.59,6.46,6.47
1658,2019-03-11,6.47,6.58,6.47,6.51
1657,2019-03-12,6.57,6.57,6.49,6.53
1656,2019-03-13,6.53,6.61,6.53,6.57
1655,2019-03-14,6.6,6.7,6.59,6.6
1654,2019-03-15,6.66,6.74,6.61,6.63
1653,2019-03-18,6.7,6.71,6.58,6.6
1652,2019-03-19,6.62,6.62,6.5,6.52
1651,2019-03-20,6.52,6.52,6.39,6.47
1650,2019-03-21,6.5,6.5,6.36,6.43
1649,2019-03-22,6.39,6.45,6.35,6.42
1648,2019-03-25,6.3,6.35,6.22,6.35
1647,2019-03-26,6.35,6.39,6.28,6.28
1646,2019-03-27,6.31,6.33,6.26,6.29
1645,2019-03-28,6.29,6.3,6.26,6.29
1644,2019-03-29,6.28,6.32,6.28,6.29
1643,2019-04-01,6.3,6.36,6.29,6.3
1642,2019-04-02,6.33,6.33,6.29,6.3
1641,2019-04-03,6.3,6.3,6.28,6.28
1640,2019-04-04,6.29,6.3,6.26,6.28
1639,2019-04-05,6.28,6.29,6.22,6.28
1638,2019-04-08,6.28,6.47,6.26,6.33
1637,2019-04-09,6.39,6.42,6.3,6.3
1636,2019-04-10,6.29,6.35,6.28,6.31
1635,2019-04-11,6.33,6.35,6.27,6.3
1634,2019-04-12,6.28,6.3,6.26,6.26
1633,2019-04-16,6.26,6.26,6.13,6.26
1632,2019-04-17,6.26,6.27,6.18,6.18
1631,2019-04-18,6.18,6.22,6.17,6.18
1630,2019-04-19,6.18,6.23,6.18,6.2
1629,2019-04-22,6.22,6.22,6.18,6.18
1628,2019-04-23,6.21,6.25,6.2,6.24
1627,2019-04-24,6.26,6.28,6.23,6.26
1626,2019-04-25,6.26,6.27,6.18,6.18
1625,2019-04-26,6.18,6.23,6.18,6.19
1624,2019-05-02,6.21,6.22,6.17,6.17
1623,2019-05-03,6.17,6.23,6.15,6.17
1622,2019-05-06,6.15,6.16,6.05,6.09
1621,2019-05-07,6.1,6.11,5.96,6.09
1620,2019-05-08,6.02,6.09,5.97,6.09
1619,2019-05-09,6.09,6.1,6.0,6.08
1618,2019-05-10,6.08,6.1,6.03,6.09
1617,2019-05-13,6.09,6.14,6.05,6.13
1616,2019-05-14,6.11,6.14,6.08,6.13
1615,2019-05-15,6.13,6.26,6.12,6.22
1614,2019-05-16,6.23,6.29,6.22,6.24
1613,2019-05-17,6.24,6.25,6.17,6.21
1612,2019-05-20,6.21,6.21,6.16,6.21
1611,2019-05-21,6.2,6.21,6.15,6.16
1610,2019-05-22,6.16,6.19,6.14,6.15
1609,2019-05-23,6.15,6.15,6.09,6.11
1608,2019-05-24,6.09,6.12,6.08,6.11
1607,2019-05-27,6.1,6.12,6.07,6.09
1606,2019-05-28,6.09,6.11,6.05,6.09
1605,2019-05-29,6.09,6.11,6.05,6.08
1604,2019-05-30,6.07,6.09,6.04,6.09
1603,2019-05-31,6.09,6.11,6.03,6.09
1602,2019-06-03,6.09,6.09,6.04,6.08
1601,2019-06-04,6.06,6.08,6.05,6.07
1600,2019-06-05,6.07,6.08,6.05,6.08
1599,2019-06-06,6.08,6.43,6.04,6.43
1598,2019-06-07,6.41,6.43,6.26,6.43
1597,2019-06-10,6.43,6.43,6.36,6.43
1596,2019-06-11,6.43,6.43,6.38,6.42
1595,2019-06-12,6.39,6.43,6.35,6.41
1594,2019-06-13,6.41,6.41,6.37,6.41
1593,2019-06-14,6.41,6.43,6.35,6.39
1592,2019-06-17,6.39,6.39,6.32,6.35
1591,2019-06-18,6.35,6.36,6.26,6.3
1590,2019-06-19,6.29,6.3,6.22,6.26
1589,2019-06-20,6.23,6.29,6.22,6.29
1588,2019-06-21,6.29,6.31,6.24,6.29
1587,2019-06-24,6.29,6.29,6.22,6.26
1586,2019-06-25,6.26,6.26,6.18,6.25
1585,2019-06-26,6.25,6.25,6.18,6.22
1584,2019-06-27,6.18,6.2,6.13,6.16
1583,2019-06-28,6.13,6.25,6.12,6.25
1582,2019-07-01,6.21,6.28,6.19,6.24
1581,2019-07-02,6.24,6.24,6.17,6.18
1580,2019-07-03,6.21,6.26,6.13,6.17
1579,2019-07-04,6.14,6.21,6.13,6.21
1578,2019-07-05,6.21,6.23,6.14,6.19
1577,2019-07-08,6.19,6.19,6.12,6.17
1576,2019-07-09,6.17,6.17,6.11,6.15
1575,2019-07-10,6.14,6.17,6.11,6.15
1574,2019-07-11,6.1,6.15,6.1,6.14
1573,2019-07-12,6.14,6.14,6.09,6.12
1572,2019-07-15,6.09,6.13,6.08,6.12
1571,2019-07-16,6.09,6.12,6.08,6.11
1570,2019-07-17,6.11,6.11,6.07,6.11
1569,2019-07-18,6.09,6.11,6.07,6.11
1568,2019-07-19,6.09,6.11,6.05,6.09
1567,2019-07-22,6.09,6.09,6.04,6.09
1566,2019-07-23,6.09,6.09,6.05,6.08
1565,2019-07-24,6.05,6.06,6.03,6.06
1564,2019-07-25,6.03,6.05,6.01,6.05
1563,2019-07-26,6.03,6.17,6.03,6.13
1562,2019-07-29,6.13,6.15,6.06,6.1
1561,2019-07-30,6.05,6.11,6.01,6.05
1560,2019-07-31,6.05,6.05,5.98,6.0
1559,2019-08-01,6.0,6.0,5.9,6.0
1558,2019-08-02,5.91,6.0,5.88,5.94
1557,2019-08-05,5.92,5.93,5.75,5.83
1556,2019-08-06,5.74,5.81,5.69,5.75
1555,2019-08-07,5.75,5.81,5.7,5.79
1554,2019-08-08,5.75,5.79,5.66,5.66
1553,2019-08-09,5.69,5.92,5.65,5.92
1552,2019-08-12,5.83,5.97,5.83,5.93
1551,2019-08-13,5.9,5.95,5.78,5.9
1550,2019-08-14,5.88,5.9,5.81,5.83
1549,2019-08-15,5.67,5.79,5.66,5.79
1548,2019-08-16,5.77,5.77,5.66,5.75
1547,2019-08-19,5.69,5.75,5.66,5.73
1546,2019-08-20,5.7,5.73,5.65,5.73
1545,2019-08-21,5.71,5.71,5.68,5.71
1544,2019-08-22,5.68,5.7,5.64,5.69
1543,2019-08-23,5.66,5.7,5.64,5.69
1542,2019-08-26,5.64,5.69,5.63,5.69
1541,2019-08-27,5.65,5.69,5.64,5.69
1540,2019-08-28,5.68,5.68,5.64,5.68
1539,2019-08-29,5.65,5.68,5.63,5.68
1538,2019-08-30,5.67,5.79,5.64,5.79
1537,2019-09-03,5.76,5.82,5.71,5.81
1536,2019-09-04,5.8,5.81,5.74,5.74
1535,2019-09-05,5.74,5.77,5.72,5.74
1534,2019-09-06,5.72,5.75,5.67,5.7
1533,2019-09-09,5.7,5.71,5.63,5.67
1532,2019-09-10,5.66,5.69,5.61,5.64
1531,2019-09-11,5.61,5.63,5.58,5.62
1530,2019-09-12,5.63,5.63,5.57,5.62
1529,2019-09-13,5.62,5.63,5.55,5.6
1528,2019-09-16,5.61,5.61,5.53,5.56
1527,2019-09-17,5.57,5.63,5.57,5.62
1526,2019-09-18,5.63,6.0,5.63,5.75
1525,2019-09-19,5.77,5.84,5.75,5.75
1524,2019-09-20,5.75,5.76,5.69,5.73
1523,2019-09-23,5.73,5.75,5.64,5.64
1522,2019-09-24,5.63,5.66,5.57,5.57
1521,2019-09-25,5.61,5.62,5.57,5.57
1520,2019-09-26,5.6,5.6,5.55,5.55
1519,2019-09-27,5.54,5.58,5.52,5.53
1518,2019-09-30,5.55,5.6,5.53,5.58
1517,2019-10-01,5.59,5.63,5.58,5.6
1516,2019-10-02,5.62,5.63,5.57,5.58
1515,2019-10-03,5.57,5.58,5.54,5.58
1514,2019-10-04,5.57,5.61,5.53,5.53
1513,2019-10-07,5.53,5.57,5.46,5.48
1512,2019-10-08,5.5,5.5,5.38,5.49
1511,2019-10-09,5.47,5.47,5.38,5.38
1510,2019-10-10,5.44,5.44,5.37,5.4
1509,2019-10-11,5.4,5.4,5.38,5.4
1508,2019-10-14,5.41,5.44,5.38,5.4
1507,2019-10-15,5.39,5.42,5.38,5.39
1506,2019-10-16,5.4,5.4,5.37,5.39
1505,2019-10-17,5.37,5.38,5.32,5.38
1504,2019-10-18,5.38,5.38,5.33,5.38
1503,2019-10-21,5.38,5.38,5.32,5.37
1502,2019-10-22,5.37,5.37,5.3,5.37
1501,2019-10-23,5.36,5.36,5.33,5.36
1500,2019-10-24,5.36,5.36,5.3,5.33
1499,2019-10-25,5.33,5.34,5.26,5.32
1498,2019-10-28,5.32,5.32,5.22,5.29
1497,2019-10-29,5.29,5.29,5.22,5.26
1496,2019-10-30,5.24,5.36,5.23,5.32
1495,2019-10-31,5.36,5.41,5.32,5.35
1494,2019-11-01,5.36,5.36,5.29,5.32
1493,2019-11-04,5.27,5.29,5.16,5.25
1492,2019-11-05,5.23,5.23,5.14,5.23
1491,2019-11-06,5.23,5.23,5.14,5.23
1490,2019-11-07,5.23,5.23,5.14,5.18
1489,2019-11-08,5.16,5.2,5.11,5.17
1488,2019-11-11,5.17,5.18,5.11,5.17
1487,2019-11-12,5.17,5.17,5.12,5.16
1486,2019-11-13,5.14,5.16,5.11,5.15
1485,2019-11-14,5.12,5.14,5.06,5.06
1484,2019-11-15,5.08,5.08,4.72,4.72
1483,2019-11-18,4.79,4.88,4.67,4.8
1482,2019-11-19,4.78,5.0,4.78,4.89
1481,2019-11-20,4.9,4.9,4.79,4.83
1480,2019-11-21,4.8,4.83,4.72,4.72
1479,2019-11-22,4.72,5.0,4.72,4.94
1478,2019-11-25,4.99,5.05,4.96,4.97
1477,2019-11-26,4.96,5.01,4.95,4.96
1476,2019-11-27,4.99,5.02,4.93,4.96
1475,2019-11-28,4.97,4.97,4.8,4.83
1474,2019-11-29,4.89,4.96,4.84,4.89
1473,2019-12-02,4.94,4.95,4.82,4.82
1472,2019-12-03,4.91,4.93,4.82,4.9
1471,2019-12-04,4.89,5.23,4.89,5.23
1470,2019-12-05,5.4,5.55,5.33,5.44
1469,2019-12-06,5.49,5.49,5.34,5.43
1468,2019-12-09,5.38,5.47,5.37,5.38
1467,2019-12-10,5.38,5.38,5.27,5.3
1466,2019-12-11,5.27,5.33,5.23,5.26
1465,2019-12-12,5.27,5.52,5.26,5.46
1464,2019-12-13,5.48,5.51,5.38,5.38
1463,2019-12-16,5.38,5.4,5.29,5.32
1462,2019-12-17,5.48,5.48,5.31,5.32
1461,2019-12-18,5.32,5.35,5.09,5.09
1460,2019-12-19,5.13,5.26,5.09,5.13
1459,2019-12-20,5.15,5.15,5.01,5.12
1458,2019-12-23,5.1,5.17,5.09,5.14
1457,2019-12-24,5.17,5.49,5.17,5.49
1456,2019-12-25,5.65,5.81,5.63,5.63
1455,2019-12-26,5.61,5.71,5.57,5.57
1454,2019-12-27,5.54,5.62,5.48,5.48
1453,2019-12-30,5.51,5.58,5.51,5.52
1452,2019-12-31,5.53,5.53,5.44,5.45
1451,2020-01-02,5.45,5.55,5.42,5.48
1450,2020-01-03,5.47,5.55,5.46,5.49
1449,2020-01-06,5.47,5.53,5.37,5.37
1448,2020-01-07,5.37,5.39,5.32,5.32
1447,2020-01-08,5.29,5.32,5.04,5.07
1446,2020-01-09,5.15,5.21,5.11,5.16
1445,2020-01-10,5.19,5.19,5.1,5.1
1444,2020-01-13,5.06,5.09,4.94,4.94
1443,2020-01-14,4.91,4.99,4.86,4.91
1442,2020-01-15,4.91,4.99,4.91,4.92
1441,2020-01-16,4.92,4.97,4.91,4.91
1440,2020-01-17,4.91,4.91,4.85,4.85
1439,2020-01-20,4.85,4.92,4.82,4.82
1438,2020-01-21,4.82,4.87,4.8,4.83
1437,2020-01-22,4.89,4.94,4.86,4.91
1436,2020-01-30,4.88,4.98,4.82,4.82
1435,2020-01-31,4.82,4.86,4.69,4.69
1434,2020-02-03,4.41,4.63,4.36,4.62
1433,2020-02-04,4.63,4.91,4.44,4.91
1432,2020-02-05,4.86,5.0,4.72,5.0
1431,2020-02-06,5.0,5.1,4.93,5.01
1430,2020-02-07,5.01,5.03,4.94,4.94
1429,2020-02-10,4.94,4.94,4.78,4.78
1428,2020-02-11,4.82,4.9,4.79,4.9
1427,2020-02-12,4.9,4.98,4.86,4.86
1426,2020-02-13,4.86,4.91,4.85,4.86
1425,2020-02-14,4.86,4.88,4.78,4.82
1424,2020-02-17,4.89,4.89,4.79,4.87
1423,2020-02-18,4.87,5.2,4.87,5.18
1422,2020-02-19,5.18,5.36,5.1,5.15
1421,2020-02-20,5.19,5.2,5.09,5.1
1420,2020-02-21,5.08,5.13,5.03,5.06
1419,2020-02-24,4.87,5.0,4.7,4.82
1418,2020-02-25,4.71,4.86,4.71,4.82
1417,2020-02-26,4.72,4.8,4.68,4.78
1416,2020-02-27,4.82,4.83,4.77,4.79
1415,2020-02-28,4.69,4.77,4.54,4.63
1414,2020-03-02,4.63,4.71,4.56,4.56
1413,2020-03-03,4.64,4.72,4.57,4.57
1412,2020-03-04,4.57,4.78,4.57,4.75
1411,2020-03-05,4.82,4.92,4.75,4.75
1410,2020-03-06,4.71,4.97,4.71,4.89
1409,2020-03-09,4.57,4.69,4.56,4.56
1408,2020-03-10,4.44,4.61,4.38,4.49
1407,2020-03-11,4.62,4.62,4.19,4.25
1406,2020-03-12,4.0,4.02,3.95,3.95
1405,2020-03-13,3.69,3.8,3.69,3.69
1404,2020-03-16,3.44,3.6,3.44,3.57
1403,2020-03-17,3.57,3.8,3.47,3.8
1402,2020-03-18,4.03,4.06,3.96,4.06
1401,2020-03-19,4.11,4.11,3.82,3.94
1400,2020-03-20,3.89,3.94,3.8,3.81
1399,2020-03-23,3.61,3.68,3.55,3.55
1398,2020-03-24,3.4,3.75,3.33,3.75
1397,2020-03-25,3.8,3.94,3.7,3.94
1396,2020-03-26,3.76,3.89,3.76,3.89
1395,2020-03-27,3.81,3.86,3.72,3.83
1394,2020-03-30,3.7,3.7,3.57,3.57
1393,2020-03-31,3.52,3.63,3.32,3.32
1392,2020-04-01,3.18,3.52,3.18,3.52
1391,2020-04-03,3.6,3.76,3.52,3.76
1390,2020-04-06,3.8,3.99,3.8,3.98
1389,2020-04-07,3.98,4.01,3.75,3.8
1388,2020-04-08,3.7,3.86,3.66,3.86
1387,2020-04-09,3.85,3.94,3.84,3.89
1386,2020-04-10,3.84,3.89,3.72,3.78
1385,2020-04-13,3.78,3.84,3.75,3.79
1384,2020-04-14,3.79,3.83,3.69,3.7
1383,2020-04-15,3.75,3.87,3.75,3.82
1382,2020-04-16,3.83,3.87,3.75,3.82
1381,2020-04-17,3.89,4.01,3.84,3.92
1380,2020-04-20,3.98,4.16,3.94,4.08
1379,2020-04-21,4.01,4.04,3.81,3.94
1378,2020-04-22,3.86,3.98,3.78,3.98
1377,2020-04-23,4.01,4.07,3.89,3.89
1376,2020-04-24,3.94,3.94,3.79,3.89
1375,2020-04-27,3.93,4.1,3.9,4.06
1374,2020-04-28,4.05,4.29,4.05,4.08
1373,2020-04-29,4.08,4.26,4.08,4.17
1372,2020-05-04,4.17,4.19,4.06,4.13
1371,2020-05-05,4.13,4.14,4.06,4.09
1370,2020-05-06,4.09,4.25,4.08,4.15
1369,2020-05-07,4.22,4.34,4.18,4.21
1368,2020-05-08,4.21,4.34,4.21,4.23
1367,2020-05-11,4.22,4.27,4.21,4.22
1366,2020-05-12,4.21,4.27,4.17,4.26
1365,2020-05-13,4.27,4.37,4.24,4.29
1364,2020-05-14,4.31,4.47,4.26,4.33
1363,2020-05-15,4.38,4.45,4.32,4.33
1362,2020-05-18,4.28,4.38,4.28,4.35
1361,2020-05-19,4.37,4.4,4.34,4.35
1360,2020-05-20,4.35,4.4,4.3,4.32
1359,2020-05-21,4.32,4.35,4.27,4.27
1358,2020-05-22,4.27,4.31,4.25,4.25
1357,2020-05-25,4.22,4.26,4.22,4.25
1356,2020-05-26,4.25,4.36,4.25,4.36
1355,2020-05-27,4.4,4.51,4.37,4.37
1354,2020-05-28,4.4,4.51,4.39,4.47
1353,2020-05-29,4.47,4.57,4.44,4.49
1352,2020-06-01,4.53,4.72,4.53,4.68
1351,2020-06-02,4.7,4.72,4.51,4.51
1350,2020-06-03,4.54,4.67,4.5,4.57
1349,2020-06-04,4.58,4.72,4.58,4.59
1348,2020-06-05,4.61,4.91,4.59,4.91
1347,2020-06-08,5.11,5.25,5.01,5.25
1346,2020-06-09,5.6,5.61,5.37,5.59
1345,2020-06-10,5.59,5.98,5.59,5.97
1344,2020-06-11,6.01,6.39,5.86,5.86
1343,2020-06-12,5.47,5.91,5.47,5.74
1342,2020-06-15,5.74,5.95,5.34,5.34
1341,2020-06-16,5.46,5.6,5.42,5.42
1340,2020-06-17,5.42,5.51,5.32,5.37
1339,2020-06-18,5.37,5.44,5.22,5.38
1338,2020-06-19,5.49,5.75,5.46,5.75
1337,2020-06-22,6.15,6.15,6.02,6.15
1336,2020-06-23,6.2,6.57,6.06,6.07
1335,2020-06-24,6.07,6.15,5.69,5.71
1334,2020-06-25,5.71,5.83,5.57,5.74
1333,2020-06-26,5.83,5.88,5.65,5.75
1332,2020-06-29,5.6,5.65,5.35,5.35
1331,2020-06-30,5.37,5.46,4.98,5.35
1330,2020-07-01,5.19,5.51,5.14,5.42
1329,2020-07-02,5.42,5.5,5.33,5.44
1328,2020-07-03,5.46,5.52,5.38,5.38
1327,2020-07-06,5.37,5.45,5.35,5.35
1326,2020-07-07,5.37,5.45,5.19,5.19
1325,2020-07-08,5.19,5.29,5.17,5.21
1324,2020-07-09,5.21,5.47,5.21,5.46
1323,2020-07-10,5.45,5.46,5.34,5.34
1322,2020-07-13,5.38,5.44,5.28,5.3
1321,2020-07-14,5.28,5.35,5.24,5.35
1320,2020-07-15,5.37,5.44,5.32,5.32
1319,2020-07-16,5.36,5.39,5.27,5.27
1318,2020-07-17,5.27,5.32,5.26,5.27
1317,2020-07-20,5.32,5.32,5.14,5.14
1316,2020-07-21,5.14,5.17,5.05,5.07
1315,2020-07-22,5.23,5.23,5.05,5.05
1314,2020-07-23,5.02,5.09,4.98,5.0
1313,2020-07-24,4.98,5.0,4.66,5.0
1312,2020-07-27,4.66,4.73,4.66,4.66
1311,2020-07-28,4.7,4.81,4.51,4.67
1310,2020-07-29,4.58,4.58,4.34,4.36
1309,2020-07-30,4.35,4.44,4.35,4.37
1308,2020-07-31,4.35,4.37,4.26,4.26
1307,2020-08-03,4.26,4.51,4.26,4.44
1306,2020-08-04,4.5,4.69,4.5,4.67
1305,2020-08-05,4.67,4.79,4.63,4.74
1304,2020-08-06,4.74,4.82,4.65,4.77
1303,2020-08-07,4.81,4.81,4.7,4.77
1302,2020-08-10,4.77,4.97,4.77,4.94
1301,2020-08-11,4.91,5.05,4.91,4.99
1300,2020-08-12,5.0,5.11,4.95,4.99
1299,2020-08-13,5.19,5.25,5.02,5.19
1298,2020-08-14,5.19,5.28,5.03,5.05
1297,2020-08-17,5.05,5.3,5.05,5.17
1296,2020-08-18,5.22,5.23,5.11,5.11
1295,2020-08-19,5.11,5.21,5.09,5.19
1294,2020-08-20,5.17,5.21,5.12,5.13
1293,2020-08-21,5.13,5.3,5.13,5.28
1292,2020-08-24,5.3,5.44,5.3,5.44
1291,2020-08-25,5.48,5.48,5.38,5.39
1290,2020-08-26,5.39,5.4,5.34,5.35
1289,2020-08-27,5.36,5.41,5.32,5.33
1288,2020-08-28,5.36,5.48,5.33,5.37
1287,2020-08-31,5.42,5.44,5.36,5.37
1286,2020-09-01,5.36,5.39,5.27,5.32
1285,2020-09-03,5.37,5.44,5.36,5.36
1284,2020-09-04,5.3,5.51,5.28,5.38
1283,2020-09-07,5.44,5.44,5.28,5.28
1282,2020-09-08,5.29,5.35,5.27,5.32
1281,2020-09-09,5.28,5.31,5.26,5.31
1280,2020-09-10,5.32,5.39,5.31,5.31
1279,2020-09-11,5.36,5.36,5.31,5.35
1278,2020-09-14,5.38,5.72,5.38,5.72
1277,2020-09-15,5.74,5.96,5.71,5.83
1276,2020-09-16,5.83,5.85,5.7,5.85
1275,2020-09-17,5.82,5.82,5.6,5.82
1274,2020-09-18,5.81,5.85,5.74,5.74
1273,2020-09-21,5.74,6.02,5.74,5.88
1272,2020-09-22,5.83,5.92,5.74,5.83
1271,2020-09-23,5.87,5.89,5.79,5.84
1270,2020-09-24,5.79,5.84,5.74,5.77
1269,2020-09-25,5.77,5.81,5.64,5.74
1268,2020-09-28,5.79,5.88,5.78,5.78
1267,2020-09-29,5.83,5.83,5.69,5.69
1266,2020-09-30,5.69,5.76,5.64,5.71
1265,2020-10-01,5.82,6.11,5.78,6.11
1264,2020-10-02,6.14,6.14,5.69,6.11
1263,2020-10-05,6.17,6.38,6.16,6.25
1262,2020-10-06,6.28,6.37,6.11,6.26
1261,2020-10-07,6.26,6.5,6.16,6.29
1260,2020-10-08,6.3,6.32,6.11,6.3
1259,2020-10-09,6.26,6.39,6.21,6.31
1258,2020-10-12,6.31,6.33,6.16,6.2
1257,2020-10-13,6.16,6.2,6.06,6.2
1256,2020-10-14,6.2,6.2,6.11,6.11
1255,2020-10-15,6.11,6.11,6.0,6.08
1254,2020-10-16,6.15,6.15,5.93,5.93
1253,2020-10-19,6.0,6.0,5.83,5.84
1252,2020-10-20,5.83,6.07,5.82,6.01
1251,2020-10-21,6.11,6.12,5.97,6.0
1250,2020-10-22,5.94,6.0,5.91,6.0
1249,2020-10-23,6.0,6.08,5.88,5.88
1248,2020-10-26,6.02,6.02,5.83,5.83
1247,2020-10-27,5.83,5.85,5.65,5.65
1246,2020-10-28,5.62,5.67,5.37,5.37
1245,2020-10-29,5.37,5.53,5.34,5.43
1244,2020-10-30,5.43,5.52,5.41,5.45
1243,2020-11-02,5.42,5.5,5.37,5.5
1242,2020-11-03,5.5,5.63,5.5,5.56
1241,2020-11-04,5.6,5.84,5.6,5.74
1240,2020-11-05,5.81,5.95,5.72,5.74
1239,2020-11-06,5.74,5.83,5.73,5.79
1238,2020-11-09,5.78,5.92,5.78,5.83
1237,2020-11-10,5.9,5.97,5.77,5.77
1236,2020-11-11,5.93,6.07,5.93,5.93
1235,2020-11-12,6.07,6.07,5.95,5.97
1234,2020-11-13,6.02,6.07,5.94,6.02
1233,2020-11-16,6.02,6.3,6.02,6.22
1232,2020-11-17,6.28,6.32,6.2,6.23
1231,2020-11-18,6.23,6.32,6.19,6.23
1230,2020-11-19,6.24,6.32,6.2,6.25
1229,2020-11-20,6.25,6.66,6.25,6.54
1228,2020-11-23,6.57,6.71,6.52,6.62
1227,2020-11-24,6.62,6.63,6.44,6.48
1226,2020-11-25,6.53,6.58,6.46,6.46
1225,2020-11-26,6.48,6.57,6.48,6.53
1224,2020-11-27,6.59,6.64,6.55,6.55
1223,2020-11-30,6.55,6.82,6.55,6.61
1222,2020-12-01,6.58,6.71,6.48,6.71
1221,2020-12-02,6.74,6.85,6.67,6.67
1220,2020-12-03,6.68,6.69,6.6,6.62
1219,2020-12-04,6.67,6.72,6.62,6.64
1218,2020-12-07,6.69,6.88,6.69,6.71
1217,2020-12-08,6.71,6.78,6.63,6.64
1216,2020-12-09,6.64,6.7,6.57,6.57
1215,2020-12-10,6.62,6.69,6.48,6.48
1214,2020-12-11,6.59,6.62,6.44,6.55
1213,2020-12-14,6.56,6.76,6.52,6.71
1212,2020-12-15,6.67,7.08,6.65,6.88
1211,2020-12-16,6.94,7.33,6.94,7.26
1210,2020-12-17,7.1,7.31,7.04,7.15
1209,2020-12-18,7.16,7.27,7.07,7.13
1208,2020-12-21,7.15,7.59,7.15,7.57
1207,2020-12-22,7.55,7.84,7.45,7.84
1206,2020-12-23,7.96,8.03,7.33,7.33
1205,2020-12-24,7.59,7.64,6.94,7.41
1204,2020-12-25,7.42,7.87,7.27,7.8
1203,2020-12-28,8.06,8.33,8.01,8.3
1202,2020-12-29,8.33,8.84,8.2,8.67
1201,2020-12-30,8.67,8.78,8.4,8.41
1200,2020-12-31,8.38,8.6,8.33,8.44
1199,2021-01-04,8.61,8.98,8.45,8.53
1198,2021-01-05,8.52,8.66,8.43,8.43
1197,2021-01-06,8.61,8.61,8.41,8.43
1196,2021-01-07,8.52,8.69,8.38,8.6
1195,2021-01-08,8.61,8.88,8.59,8.78
1194,2021-01-11,8.8,9.17,8.7,9.06
1193,2021-01-12,9.17,9.19,8.94,8.94
1192,2021-01-13,8.94,9.03,8.61,8.61
1191,2021-01-14,8.66,8.7,8.43,8.58
1190,2021-01-15,8.66,8.89,8.57,8.85
1189,2021-01-18,8.89,9.07,8.8,8.8
1188,2021-01-19,8.8,8.87,8.19,8.19
1187,2021-01-20,8.29,8.33,7.62,7.73
1186,2021-01-21,7.96,8.22,7.8,8.22
1185,2021-01-22,8.33,8.66,8.33,8.43
1184,2021-01-25,8.43,8.82,8.43,8.61
1183,2021-01-26,8.66,8.7,8.16,8.47
1182,2021-01-27,8.43,8.57,7.91,7.96
1181,2021-01-28,7.41,7.78,7.41,7.41
1180,2021-01-29,6.94,7.69,6.94,7.5
1179,2021-02-01,7.41,7.48,6.98,6.98
1178,2021-02-02,6.85,7.03,6.62,7.03
1177,2021-02-03,7.04,7.5,7.02,7.45
1176,2021-02-04,7.41,7.59,7.22,7.34
1175,2021-02-05,7.41,7.69,7.32,7.69
1174,2021-02-08,7.69,7.78,7.18,7.22
1173,2021-02-09,7.22,7.57,7.22,7.57
1172,2021-02-17,7.67,7.98,7.57,7.96
1171,2021-02-18,7.97,8.17,7.87,7.93
1170,2021-02-19,7.87,8.03,7.85,7.88
1169,2021-02-22,7.89,8.05,7.79,7.79
1168,2021-02-23,7.9,7.9,7.8,7.82
1167,2021-02-24,7.87,7.92,7.64,7.64
1166,2021-02-25,7.78,7.78,7.58,7.58
1165,2021-02-26,7.42,7.59,7.42,7.58
1164,2021-03-01,7.69,7.87,7.57,7.69
1163,2021-03-02,7.78,7.82,7.69,7.7
1162,2021-03-03,7.7,8.23,7.69,8.23
1161,2021-03-04,8.33,8.65,7.87,8.24
1160,2021-03-05,8.34,8.51,8.2,8.34
1159,2021-03-08,8.47,8.48,8.29,8.34
1158,2021-03-09,8.25,8.47,8.1,8.35
1157,2021-03-10,8.35,8.57,8.33,8.49
1156,2021-03-11,8.52,8.53,8.43,8.44
1155,2021-03-12,8.45,8.47,8.4,8.4
1154,2021-03-15,8.4,8.76,8.39,8.62
1153,2021-03-16,8.71,8.71,8.45,8.45
1152,2021-03-17,8.52,8.55,8.42,8.42
1151,2021-03-18,8.47,8.48,8.4,8.4
1150,2021-03-19,8.38,8.44,8.29,8.38
1149,2021-03-22,8.43,8.44,8.33,8.33
1148,2021-03-23,8.33,8.43,8.15,8.16
1147,2021-03-24,8.15,8.27,8.04,8.07
1146,2021-03-25,8.1,8.15,7.99,8.06
1145,2021-03-26,7.98,8.06,7.59,7.73
1144,2021-03-29,7.78,8.06,7.78,8.0
1143,2021-03-30,8.06,8.09,7.87,7.96
1142,2021-03-31,7.96,8.15,7.96,7.97
1141,2021-04-01,8.07,8.43,8.05,8.33
1140,2021-04-02,8.38,8.47,8.3,8.3
1139,2021-04-05,8.33,8.48,8.29,8.31
1138,2021-04-06,8.33,8.41,8.22,8.22
1137,2021-04-07,8.29,8.29,8.0,8.15
1136,2021-04-08,8.31,8.32,8.15,8.16
1135,2021-04-09,8.26,8.6,8.26,8.52
1134,2021-04-12,8.7,9.05,8.61,8.95
1133,2021-04-13,8.98,9.07,8.66,8.69
1132,2021-04-14,8.54,8.97,8.47,8.89
1131,2021-04-15,8.89,9.07,8.61,8.7
1130,2021-04-16,8.61,8.72,8.25,8.33
1129,2021-04-19,8.33,8.51,8.1,8.45
1128,2021-04-20,8.45,8.45,8.09,8.15
1127,2021-04-22,8.15,8.15,7.58,7.58
1126,2021-04-23,7.69,7.87,7.58,7.82
1125,2021-04-26,7.86,7.95,7.59,7.66
1124,2021-04-27,7.66,7.82,7.61,7.7
1123,2021-04-28,7.71,7.89,7.71,7.73
1122,2021-04-29,7.74,7.82,7.65,7.69
1121,2021-05-04,7.5,7.61,7.41,7.61
1120,2021-05-05,7.61,7.82,7.61,7.72
1119,2021-05-06,7.76,7.82,7.62,7.68
1118,2021-05-07,7.6,7.64,7.43,7.49
1117,2021-05-10,7.47,7.47,7.25,7.41
1116,2021-05-11,7.43,7.6,7.39,7.44
1115,2021-05-12,7.44,7.58,7.41,7.57
1114,2021-05-13,7.59,7.67,7.55,7.59
1113,2021-05-14,7.64,7.64,7.5,7.54
1112,2021-05-17,7.54,7.63,7.48,7.5
1111,2021-05-18,7.5,7.55,7.32,7.32
1110,2021-05-19,7.32,7.35,7.18,7.18
1109,2021-05-20,7.15,7.27,6.99,7.19
1108,2021-05-21,7.3,7.69,7.24,7.69
1107,2021-05-24,8.22,8.22,8.2,8.22
1106,2021-05-25,8.33,8.51,8.23,8.27
1105,2021-05-26,8.27,8.57,8.11,8.42
1104,2021-05-27,8.33,8.75,8.32,8.44
1103,2021-05-28,8.52,8.66,8.45,8.56
1102,2021-05-31,8.57,8.57,8.29,8.35
1101,2021-06-01,8.33,8.66,8.33,8.52
1100,2021-06-02,8.58,8.58,8.33,8.37
1099,2021-06-03,8.46,8.57,8.37,8.49
1098,2021-06-04,8.52,9.08,8.52,9.08
1097,2021-06-07,9.68,9.68,9.35,9.68
1096,2021-06-08,10.32,10.32,10.0,10.28
1095,2021-06-09,9.77,10.32,9.58,9.91
1094,2021-06-10,9.82,10.56,9.82,10.56
1093,2021-06-11,10.83,11.02,10.28,10.56
1092,2021-06-14,10.46,11.02,10.37,10.65
1091,2021-06-15,10.88,11.39,10.7,11.25
1090,2021-06-16,11.25,11.39,10.56,10.56
1089,2021-06-17,10.42,11.11,10.23,10.97
1088,2021-06-18,11.02,11.11,10.6,10.7
1087,2021-06-21,10.56,10.88,10.37,10.56
1086,2021-06-22,10.74,10.83,10.37,10.42
1085,2021-06-23,10.46,10.65,10.28,10.46
1084,2021-06-24,10.56,10.6,9.82,9.95
1083,2021-06-25,10.05,10.42,9.86,10.32
1082,2021-06-28,10.46,10.46,10.14,10.23
1081,2021-06-29,10.23,10.42,10.23,10.32
1080,2021-06-30,10.32,11.02,10.28,11.02
1079,2021-07-01,11.2,11.39,10.83,10.83
1078,2021-07-02,10.83,11.25,10.74,11.02
1077,2021-07-05,10.97,11.02,10.28,10.42
1076,2021-07-06,10.42,10.6,9.72,9.72
1075,2021-07-07,9.72,9.72,9.12,9.45
1074,2021-07-08,9.54,9.91,9.35,9.35
1073,2021-07-09,9.17,9.49,8.7,8.7
1072,2021-07-12,8.7,8.8,8.1,8.14
1071,2021-07-13,8.24,8.68,8.15,8.61
1070,2021-07-14,8.61,8.79,8.35,8.38
1069,2021-07-15,8.33,8.6,8.33,8.52
1068,2021-07-16,8.61,8.67,8.43,8.44
1067,2021-07-19,8.15,8.33,7.85,7.85
1066,2021-07-20,7.85,8.08,7.7,8.06
1065,2021-07-21,8.15,8.52,8.06,8.34
1064,2021-07-22,8.38,8.93,8.26,8.93
1063,2021-07-23,9.07,9.49,8.8,8.93
1062,2021-07-26,8.76,9.25,8.72,9.12
1061,2021-07-27,9.23,9.26,8.99,8.99
1060,2021-07-28,8.99,9.03,8.72,8.89
1059,2021-07-29,8.95,9.01,8.82,8.95
1058,2021-07-30,9.54,9.54,9.35,9.54
1057,2021-08-02,9.45,9.91,9.35,9.63
1056,2021-08-03,9.54,9.82,9.54,9.58
1055,2021-08-04,9.68,9.95,9.54,9.63
1054,2021-08-05,9.58,10.14,9.54,9.86
1053,2021-08-06,9.91,10.28,9.72,9.95
1052,2021-08-09,10.0,10.42,9.95,10.23
1051,2021-08-10,10.42,10.42,10.05,10.09
1050,2021-08-11,10.14,10.56,10.05,10.19
1049,2021-08-12,10.19,10.79,10.14,10.65
1048,2021-08-13,10.65,10.79,10.09,10.46
1047,2021-08-16,10.6,10.93,10.46,10.6
1046,2021-08-17,10.56,10.65,10.23,10.23
1045,2021-08-18,10.28,10.56,10.14,10.28
1044,2021-08-19,10.23,10.46,10.23,10.32
1043,2021-08-20,10.32,10.51,9.63,9.77
1042,2021-08-23,9.72,9.91,9.31,9.31
1041,2021-08-24,9.35,9.72,9.31,9.54
1040,2021-08-25,9.63,9.77,9.54,9.68
1039,2021-08-26,9.68,9.82,9.45,9.68
1038,2021-08-27,9.54,9.77,9.4,9.77
1037,2021-08-30,9.91,10.28,9.77,10.19
1036,2021-08-31,10.23,10.46,10.05,10.14
1035,2021-09-01,10.09,10.37,10.09,10.19
1034,2021-09-06,10.23,10.88,10.23,10.88
1033,2021-09-07,11.16,11.3,10.28,10.46
1032,2021-09-08,10.46,10.65,10.32,10.46
1031,2021-09-09,10.46,10.6,10.37,10.42
1030,2021-09-10,10.51,10.93,10.46,10.7
1029,2021-09-13,10.7,11.3,10.6,11.11
1028,2021-09-14,11.16,11.2,10.65,10.65
1027,2021-09-15,10.65,10.83,10.51,10.6
1026,2021-09-16,10.65,10.88,10.65,10.7
1025,2021-09-17,10.79,11.44,10.74,11.44
1024,2021-09-20,11.85,12.22,11.48,11.58
1023,2021-09-21,11.39,12.36,11.39,12.36
1022,2021-09-22,12.59,12.69,12.13,12.32
1021,2021-09-23,12.36,12.92,12.08,12.13
1020,2021-09-24,12.13,12.5,12.04,12.18
1019,2021-09-27,12.18,12.32,11.34,11.34
1018,2021-09-28,11.07,11.44,10.83,11.44
1017,2021-09-29,11.53,11.53,10.93,11.44
1016,2021-09-30,11.39,11.85,11.39,11.53
1015,2021-10-01,11.39,11.62,11.02,11.11
1014,2021-10-04,11.11,11.39,10.97,11.11
1013,2021-10-05,11.2,11.67,11.16,11.58
1012,2021-10-06,11.67,12.08,11.58,11.76
1011,2021-10-07,11.85,12.13,11.81,11.95
1010,2021-10-08,12.08,12.22,11.76,11.76
1009,2021-10-11,11.71,11.99,11.58,11.67
1008,2021-10-12,11.81,11.99,11.58,11.76
1007,2021-10-13,11.81,12.36,11.76,12.27
1006,2021-10-14,12.32,12.64,12.18,12.18
1005,2021-10-15,12.32,12.32,11.99,12.18
1004,2021-10-18,12.18,12.5,12.13,12.22
1003,2021-10-19,12.18,12.41,12.13,12.18
1002,2021-10-20,12.18,12.32,11.85,12.04
1001,2021-10-21,12.13,12.45,11.99,12.32
1000,2021-10-22,12.64,13.15,12.64,13.15
999,2021-10-25,13.43,13.7,13.06,13.06
998,2021-10-26,12.87,13.29,12.87,13.15
997,2021-10-27,13.29,13.61,13.2,13.43
996,2021-10-28,13.47,13.61,13.33,13.38
995,2021-10-29,13.57,14.12,13.43,13.7
994,2021-11-01,13.89,14.03,13.52,13.61
993,2021-11-02,13.84,14.54,13.61,14.54
992,2021-11-03,14.82,15.19,13.57,13.57
991,2021-11-04,13.57,14.03,13.06,13.8
990,2021-11-05,13.89,14.08,13.57,13.84
989,2021-11-08,13.84,14.45,13.84,14.17
988,2021-11-09,14.58,15.0,14.54,14.63
987,2021-11-10,14.91,15.65,14.77,15.65
986,2021-11-11,16.34,16.58,15.79,16.11
985,2021-11-12,16.2,16.25,15.65,16.2
984,2021-11-15,16.3,17.32,16.2,17.22
983,2021-11-16,16.76,17.13,16.2,16.48
982,2021-11-17,16.3,16.9,16.3,16.67
981,2021-11-18,16.85,17.83,16.71,17.55
980,2021-11-19,17.83,18.75,16.62,17.78
979,2021-11-22,17.78,17.87,16.58,16.58
978,2021-11-23,15.65,16.81,15.56,16.71
977,2021-11-24,17.13,17.32,16.2,16.3
976,2021-11-25,16.3,17.13,16.16,16.9
975,2021-11-26,16.95,17.32,16.3,16.67
974,2021-11-29,16.02,17.83,16.02,17.83
973,2021-11-30,18.98,18.98,18.06,18.52
972,2021-12-01,18.52,19.35,18.24,19.17
971,2021-12-02,19.17,19.17,18.52,18.8
970,2021-12-03,18.89,18.98,17.87,18.01
969,2021-12-06,17.87,18.33,16.76,16.76
968,2021-12-07,17.13,17.87,16.53,17.83
967,2021-12-08,17.83,17.96,17.41,17.41
966,2021-12-09,17.32,17.96,17.22,17.73
965,2021-12-10,17.73,18.06,17.5,17.83
964,2021-12-13,18.01,19.03,17.96,19.03
963,2021-12-14,19.54,19.96,18.98,19.26
962,2021-12-15,19.26,19.86,19.12,19.21
961,2021-12-16,19.21,20.37,19.21,20.37
960,2021-12-17,20.97,20.97,19.72,19.91
959,2021-12-20,19.91,20.37,19.26,20.05
958,2021-12-21,19.63,21.3,19.63,21.07
957,2021-12-22,21.48,22.09,21.25,21.48
956,2021-12-23,21.62,21.67,20.0,20.37
955,2021-12-24,20.56,21.02,19.63,20.46
954,2021-12-27,20.65,20.65,19.68,20.46
953,2021-12-28,20.84,21.71,20.74,21.39
952,2021-12-29,21.34,21.81,20.97,20.97
951,2021-12-30,20.97,21.07,20.37,20.42
950,2021-12-31,20.42,20.42,19.77,19.77
949,2022-01-04,20.14,20.93,20.0,20.74
948,2022-01-05,21.21,21.21,20.51,20.51
947,2022-01-06,20.56,21.95,20.51,21.95
946,2022-01-07,22.22,23.15,22.22,22.59
945,2022-01-10,23.15,24.17,22.87,23.52
944,2022-01-11,23.61,24.91,22.5,24.26
943,2022-01-12,23.34,23.98,22.59,22.59
942,2022-01-13,22.96,22.96,21.02,21.02
941,2022-01-14,19.58,21.48,19.58,20.37
940,2022-01-17,20.84,20.93,18.98,18.98
939,2022-01-18,17.69,18.06,17.69,17.69
938,2022-01-19,16.48,17.22,16.48,16.67
937,2022-01-20,16.58,17.83,16.58,17.83
936,2022-01-21,18.71,19.03,18.52,19.03
935,2022-01-24,18.52,18.84,17.73,17.73
934,2022-01-25,16.76,18.06,16.76,17.73
933,2022-01-26,18.06,18.15,16.53,16.53
932,2022-01-27,16.58,17.08,15.56,15.56
931,2022-01-28,15.19,16.48,14.68,16.48
930,2022-02-07,16.67,17.59,16.67,17.59
929,2022-02-08,17.55,17.73,16.85,17.18
928,2022-02-09,16.71,18.15,16.71,17.96
927,2022-02-10,18.15,18.52,17.69,18.06
926,2022-02-11,17.96,18.43,17.96,18.01
925,2022-02-14,17.46,18.33,17.41,17.87
924,2022-02-15,17.96,18.24,17.59,18.15
923,2022-02-16,18.52,19.4,18.33,19.4
922,2022-02-17,19.54,19.82,19.35,19.63
921,2022-02-18,19.49,20.37,19.26,20.19
920,2022-02-21,20.19,21.02,19.91,20.42
919,2022-02-22,19.77,20.19,19.03,19.12
918,2022-02-23,19.35,19.96,19.17,19.4
917,2022-02-24,19.4,19.63,18.06,19.4
916,2022-02-25,19.54,20.05,19.4,19.58
915,2022-02-28,19.54,19.77,18.89,19.72
914,2022-03-01,19.68,20.84,19.54,20.74
913,2022-03-02,20.74,21.3,20.42,21.11
912,2022-03-03,21.3,21.58,20.97,20.97
911,2022-03-04,21.02,21.44,20.74,20.93
910,2022-03-07,20.97,20.97,20.33,20.33
909,2022-03-08,19.91,20.14,19.03,19.03
908,2022-03-09,18.94,19.91,18.15,19.72
907,2022-03-10,20.0,20.28,19.77,19.96
906,2022-03-11,19.31,20.05,19.08,20.05
905,2022-03-14,19.72,19.91,19.12,19.91
904,2022-03-15,20.0,20.84,19.72,20.56
903,2022-03-16,20.84,21.3,20.6,20.93
902,2022-03-17,21.11,22.09,21.11,21.67
901,2022-03-18,21.76,21.76,21.16,21.25
900,2022-03-21,21.39,22.5,21.16,22.04
899,2022-03-22,22.41,22.46,21.39,21.39
898,2022-03-23,21.39,21.85,21.07,21.21
897,2022-03-24,21.21,21.71,21.07,21.39
896,2022-03-25,21.39,21.85,21.3,21.39
895,2022-03-28,20.93,21.3,19.91,20.56
894,2022-03-29,20.51,21.48,20.51,21.3
893,2022-03-30,20.97,21.39,19.91,19.91
892,2022-03-31,19.96,20.37,18.98,19.17
891,2022-04-01,18.98,20.14,18.98,20.0
890,2022-04-04,20.33,20.33,19.54,19.63
889,2022-04-05,19.26,20.0,19.26,19.82
888,2022-04-06,19.49,19.91,19.17,19.26
887,2022-04-07,19.35,19.54,18.52,18.52
886,2022-04-08,18.8,18.94,17.87,17.87
885,2022-04-12,17.87,18.38,16.62,16.62
884,2022-04-13,16.99,17.78,15.79,17.78
883,2022-04-14,18.06,18.1,17.32,17.32
882,2022-04-15,17.18,17.5,16.44,16.44
881,2022-04-18,16.39,16.39,15.33,15.46
880,2022-04-19,15.83,16.16,14.86,15.09
879,2022-04-20,14.86,15.6,14.82,15.09
878,2022-04-21,14.45,15.33,14.08,14.12
877,2022-04-22,14.12,14.86,13.43,14.72
876,2022-04-25,14.91,15.23,13.7,15.23
875,2022-04-26,14.63,15.46,14.21,15.46
874,2022-04-27,15.46,15.97,15.0,15.79
873,2022-04-28,15.74,16.02,15.09,15.09
872,2022-04-29,15.09,15.65,15.05,15.37
871,2022-05-04,15.19,15.37,14.86,14.91
870,2022-05-05,15.05,15.23,14.17,14.91
869,2022-05-06,14.35,14.86,14.17,14.17
868,2022-05-09,13.89,13.89,13.2,13.2
867,2022-05-10,12.32,13.01,12.32,12.69
866,2022-05-11,12.87,13.38,12.64,13.15
865,2022-05-12,13.15,13.24,12.27,12.27
864,2022-05-13,11.95,12.27,11.44,11.44
863,2022-05-16,11.67,11.95,10.65,10.65
862,2022-05-17,10.23,11.39,10.19,11.39
861,2022-05-18,11.71,11.99,11.48,11.67
860,2022-05-19,11.11,11.76,11.07,11.58
859,2022-05-20,11.39,12.13,11.39,11.85
858,2022-05-23,12.04,12.13,11.07,11.2
857,2022-05-24,11.3,11.48,10.83,11.48
856,2022-05-25,11.58,12.27,11.53,12.27
855,2022-05-26,12.41,12.59,12.18,12.27
854,2022-05-27,12.22,12.55,12.22,12.32
853,2022-05-30,12.32,12.92,12.32,12.69
852,2022-05-31,12.69,12.78,12.36,12.55
851,2022-06-01,12.41,12.59,12.08,12.32
850,2022-06-02,12.27,12.5,11.67,11.71
849,2022-06-03,11.58,11.85,11.44,11.53
848,2022-06-06,11.53,11.58,10.93,11.02
847,2022-06-07,10.79,10.97,10.32,10.51
846,2022-06-08,10.7,11.2,10.65,11.2
845,2022-06-09,11.48,11.95,11.39,11.76
844,2022-06-10,11.53,11.81,11.3,11.3
843,2022-06-13,10.79,11.07,10.51,10.51
842,2022-06-14,10.0,10.6,10.0,10.14
841,2022-06-15,10.14,10.42,9.45,9.45
840,2022-06-16,9.72,9.82,8.8,8.8
839,2022-06-17,8.33,8.61,8.19,8.19
838,2022-06-20,7.96,8.43,7.62,7.62
837,2022-06-21,7.22,7.93,7.14,7.64
836,2022-06-22,7.96,8.17,7.78,8.17
835,2022-06-23,8.48,8.62,8.22,8.45
834,2022-06-24,8.45,8.66,8.33,8.38
833,2022-06-27,8.43,8.69,8.24,8.52
832,2022-06-28,8.61,9.07,8.57,8.89
831,2022-06-29,8.8,9.25,8.61,8.96
830,2022-06-30,8.96,9.07,8.42,8.42
829,2022-07-01,8.34,8.75,8.07,8.52
828,2022-07-04,8.55,8.82,8.55,8.76
827,2022-07-05,8.85,8.87,8.33,8.38
826,2022-07-06,8.13,8.73,8.13,8.43
825,2022-07-07,8.44,8.68,8.44,8.61
824,2022-07-08,8.7,9.21,8.7,9.21
823,2022-07-11,9.26,9.54,9.09,9.31
822,2022-07-12,9.35,9.86,9.31,9.77
821,2022-07-13,9.77,9.82,9.49,9.54
820,2022-07-14,9.35,9.82,9.35,9.68
819,2022-07-15,9.77,10.05,9.63,9.68
818,2022-07-18,9.86,10.09,9.72,9.86
817,2022-07-19,9.86,9.95,9.58,9.82
816,2022-07-20,10.14,10.46,10.0,10.46
815,2022-07-21,10.74,10.93,10.37,10.46
814,2022-07-22,10.51,10.65,10.19,10.37
813,2022-07-25,10.09,10.28,9.91,10.0
812,2022-07-26,10.0,10.56,9.95,10.32
811,2022-07-27,10.14,11.02,10.14,10.97
810,2022-07-28,11.2,11.3,10.93,10.93
809,2022-07-29,10.93,11.3,10.79,10.83
808,2022-08-01,10.83,11.3,10.79,11.16
807,2022-08-02,11.16,11.67,11.11,11.2
806,2022-08-03,11.11,11.34,11.07,11.25
805,2022-08-04,11.34,11.44,11.07,11.16
804,2022-08-05,11.2,11.48,11.07,11.39
803,2022-08-08,11.44,11.58,11.2,11.2
802,2022-08-09,11.34,11.71,11.16,11.58
801,2022-08-10,11.53,12.22,11.44,11.9
800,2022-08-11,12.04,12.13,11.34,11.44
799,2022-08-12,11.48,11.62,11.25,11.58
798,2022-08-15,11.67,11.76,11.44,11.48
797,2022-08-16,11.53,11.58,11.39,11.44
796,2022-08-17,11.58,11.85,11.39,11.39
795,2022-08-18,11.53,11.53,11.39,11.39
794,2022-08-19,11.48,11.53,11.2,11.39
793,2022-08-22,11.25,11.44,10.88,10.88
792,2022-08-23,10.7,11.2,10.6,11.2
791,2022-08-24,11.3,11.34,11.07,11.16
790,2022-08-25,11.3,11.44,11.2,11.39
789,2022-08-26,11.48,11.81,11.39,11.62
788,2022-08-29,11.3,11.39,10.97,11.25
787,2022-08-30,11.44,11.44,10.88,10.93
786,2022-08-31,10.88,11.11,10.79,11.02
785,2022-09-05,11.02,11.3,10.88,10.88
784,2022-09-06,10.88,11.2,10.83,10.88
783,2022-09-07,10.88,10.93,10.19,10.19
782,2022-09-08,10.46,10.46,9.72,9.72
781,2022-09-09,9.86,10.09,9.35,10.09
780,2022-09-12,10.19,10.23,9.95,10.0
779,2022-09-13,9.91,10.05,9.77,9.95
778,2022-09-14,9.63,10.09,9.58,10.0
777,2022-09-15,10.09,10.19,10.0,10.0
776,2022-09-16,10.0,10.0,9.58,9.58
775,2022-09-19,9.63,9.63,8.92,8.92
774,2022-09-20,8.94,9.35,8.94,9.31
773,2022-09-21,9.21,9.4,9.07,9.31
772,2022-09-22,9.13,9.58,9.13,9.4
771,2022-09-23,9.45,9.58,9.26,9.26
770,2022-09-26,9.16,9.17,8.62,8.77
769,2022-09-27,8.77,8.95,8.43,8.72
768,2022-09-28,8.52,8.98,8.52,8.75
767,2022-09-29,8.98,8.98,8.47,8.47
766,2022-09-30,8.4,8.53,7.92,8.46
765,2022-10-03,8.46,8.47,7.88,7.88
764,2022-10-04,7.96,8.06,7.41,7.41
763,2022-10-05,7.68,7.93,7.59,7.93
762,2022-10-06,7.93,8.11,7.41,7.41
761,2022-10-07,7.24,7.41,6.89,6.89
760,2022-10-10,6.42,7.06,6.42,7.01
759,2022-10-11,7.0,7.0,6.53,6.53
758,2022-10-12,6.32,6.75,6.3,6.54
757,2022-10-13,6.65,6.75,6.58,6.62
756,2022-10-14,6.82,6.98,6.78,6.86
755,2022-10-17,6.86,6.94,6.67,6.83
754,2022-10-18,6.99,7.31,6.95,7.29
753,2022-10-19,7.35,7.38,7.14,7.22
752,2022-10-20,7.17,7.24,6.94,6.94
751,2022-10-21,6.95,7.04,6.46,6.46
750,2022-10-24,6.57,6.57,6.02,6.02
749,2022-10-25,5.7,6.19,5.6,6.03
748,2022-10-26,5.86,6.2,5.62,5.62
747,2022-10-27,5.45,6.01,5.45,6.01
746,2022-10-28,6.14,6.39,6.1,6.2
745,2022-10-31,6.29,6.3,5.9,6.1
744,2022-11-01,6.3,6.41,6.15,6.3
743,2022-11-02,6.4,6.41,6.18,6.18
742,2022-11-03,6.06,6.3,6.02,6.05
741,2022-11-04,5.99,6.06,5.63,5.63
740,2022-11-07,5.4,5.54,5.24,5.24
739,2022-11-08,4.89,5.2,4.88,5.19
738,2022-11-09,5.21,5.49,5.03,5.15
737,2022-11-10,4.91,5.15,4.79,4.79
736,2022-11-11,4.76,5.0,4.46,4.46
735,2022-11-14,4.15,4.3,4.15,4.15
734,2022-11-15,3.86,3.95,3.86,3.86
733,2022-11-16,3.59,4.13,3.59,4.13
732,2022-11-17,4.2,4.41,4.2,4.41
731,2022-11-18,4.48,4.71,4.21,4.71
730,2022-11-21,4.91,5.01,4.8,5.0
729,2022-11-22,5.25,5.35,5.03,5.11
728,2022-11-23,5.13,5.21,4.85,4.87
727,2022-11-24,4.87,5.1,4.79,4.98
726,2022-11-25,5.19,5.32,5.1,5.32
725,2022-11-28,5.69,5.69,5.52,5.69
724,2022-11-29,6.05,6.08,5.6,6.08
723,2022-11-30,6.1,6.41,5.81,6.32
722,2022-12-01,6.5,6.76,6.17,6.4
721,2022-12-02,6.2,6.66,6.06,6.6
720,2022-12-05,6.8,6.8,6.49,6.5
719,2022-12-06,6.3,6.39,6.05,6.05
718,2022-12-07,5.77,6.0,5.63,5.63
717,2022-12-08,5.8,6.02,5.72,6.02
716,2022-12-09,6.02,6.25,5.89,5.92
715,2022-12-12,6.02,6.19,5.61,5.61
714,2022-12-13,5.62,5.93,5.54,5.93
713,2022-12-14,6.1,6.34,6.05,6.34
712,2022-12-15,6.48,6.59,6.3,6.5
711,2022-12-16,6.4,6.75,6.3,6.56
710,2022-12-19,6.57,6.66,6.11,6.11
709,2022-12-20,6.05,6.11,5.69,5.92
708,2022-12-21,6.17,6.17,5.51,5.8
707,2022-12-22,5.95,5.95,5.6,5.7
706,2022-12-23,5.7,5.8,5.59,5.6
705,2022-12-26,5.6,5.68,5.21,5.21
704,2022-12-27,5.06,5.5,5.06,5.5
703,2022-12-28,5.64,5.64,5.46,5.59
702,2022-12-29,5.6,5.94,5.3,5.6
701,2022-12-30,5.7,5.79,5.4,5.5
700,2023-01-03,5.5,5.88,5.5,5.88
699,2023-01-04,6.11,6.15,5.82,5.82
698,2023-01-05,5.9,5.99,5.69,5.82
697,2023-01-06,5.85,5.92,5.6,5.6
696,2023-01-09,5.7,5.72,5.59,5.6
695,2023-01-10,5.63,5.7,5.43,5.6
694,2023-01-11,5.62,5.82,5.62,5.7
693,2023-01-12,5.8,5.8,5.61,5.69
692,2023-01-13,5.72,5.79,5.59,5.61
691,2023-01-16,5.69,5.69,5.51,5.53
690,2023-01-17,5.62,5.7,5.53,5.7
689,2023-01-18,5.63,6.09,5.63,6.09
688,2023-01-19,6.3,6.3,6.09,6.1
687,2023-01-27,6.17,6.3,6.09,6.2
686,2023-01-30,6.2,6.6,6.2,6.38
685,2023-01-31,6.39,6.5,6.25,6.45
684,2023-02-01,6.58,6.6,6.0,6.0
683,2023-02-02,6.1,6.19,5.82,5.86
682,2023-02-03,5.91,6.12,5.89,6.0
681,2023-02-06,6.13,6.3,6.02,6.3
680,2023-02-07,6.39,6.55,6.0,6.09
679,2023-02-08,6.15,6.37,5.99,6.2
678,2023-02-09,6.2,6.3,6.08,6.08
677,2023-02-10,6.06,6.12,5.85,5.85
676,2023-02-13,5.82,5.84,5.48,5.5
675,2023-02-14,5.57,5.61,5.5,5.53
674,2023-02-15,5.59,5.88,5.54,5.85
673,2023-02-16,5.92,5.98,5.86,5.9
672,2023-02-17,5.9,6.15,5.9,6.08
671,2023-02-20,6.45,6.5,6.43,6.5
670,2023-02-21,6.9,6.94,6.61,6.63
669,2023-02-22,6.5,7.09,6.4,6.77
668,2023-02-23,6.84,6.92,6.4,6.74
667,2023-02-24,6.8,7.16,6.73,6.99
666,2023-02-27,6.88,7.4,6.75,7.0
665,2023-02-28,7.18,7.2,6.51,6.51
664,2023-03-01,6.32,6.58,6.2,6.58
663,2023-03-02,6.6,6.88,6.55,6.62
662,2023-03-03,6.6,6.69,6.25,6.25
661,2023-03-06,6.5,6.68,6.49,6.68
660,2023-03-07,6.71,6.73,6.5,6.54
659,2023-03-08,6.49,6.9,6.43,6.78
658,2023-03-09,6.82,6.88,6.68,6.68
657,2023-03-10,6.64,6.75,6.51,6.51
656,2023-03-13,6.5,6.75,6.5,6.56
655,2023-03-14,6.64,6.65,6.27,6.32
654,2023-03-15,6.56,6.73,6.45,6.7
653,2023-03-16,6.64,6.65,6.48,6.49
652,2023-03-17,6.63,6.63,6.48,6.48
651,2023-03-20,6.5,6.58,6.4,6.4
650,2023-03-21,6.46,6.5,6.35,6.44
649,2023-03-22,6.47,6.61,6.47,6.5
648,2023-03-23,6.46,6.5,6.41,6.5
647,2023-03-24,6.56,6.79,6.56,6.66
646,2023-03-27,6.7,6.79,6.66,6.71
645,2023-03-28,6.79,6.96,6.7,6.7
644,2023-03-29,6.73,6.75,6.61,6.69
643,2023-03-30,6.83,6.85,6.69,6.69
642,2023-03-31,6.7,6.82,6.63,6.8
641,2023-04-03,7.2,7.27,7.09,7.27
640,2023-04-04,7.5,7.59,7.4,7.4
639,2023-04-05,7.35,7.55,7.35,7.47
638,2023-04-06,7.59,7.99,7.47,7.47
637,2023-04-07,7.52,7.8,7.41,7.8
636,2023-04-10,7.9,7.97,7.4,7.7
635,2023-04-11,7.6,7.74,7.32,7.74
634,2023-04-12,7.75,7.87,7.61,7.74
633,2023-04-13,7.77,7.8,7.51,7.53
632,2023-04-14,7.6,7.62,7.01,7.01
631,2023-04-17,7.07,7.15,6.95,7.09
630,2023-04-18,7.15,7.4,7.08,7.31
629,2023-04-19,7.36,7.37,7.08,7.08
628,2023-04-20,7.1,7.16,6.95,7.01
627,2023-04-21,7.05,7.16,7.0,7.09
626,2023-04-24,7.13,7.4,7.06,7.33
625,2023-04-25,7.4,7.44,7.1,7.2
624,2023-04-26,7.25,7.29,7.16,7.29
623,2023-04-27,7.38,7.7,7.3,7.59
622,2023-04-28,7.68,7.73,7.57,7.62
621,2023-05-04,7.6,7.65,7.2,7.45
620,2023-05-05,7.45,7.55,7.28,7.32
619,2023-05-08,7.4,7.58,7.38,7.58
618,2023-05-09,7.6,7.62,7.47,7.47
617,2023-05-10,7.52,7.96,7.48,7.8
616,2023-05-11,8.08,8.2,7.99,8.02
615,2023-05-12,8.0,8.1,7.87,8.04
614,2023-05-15,8.1,8.15,7.75,7.75
613,2023-05-16,7.77,7.89,7.7,7.78
612,2023-05-17,7.8,8.04,7.76,7.76
611,2023-05-18,7.78,7.87,7.75,7.77
610,2023-05-19,7.77,7.85,7.53,7.66
609,2023-05-22,7.8,7.99,7.71,7.95
608,2023-05-23,8.01,8.05,7.8,7.81
607,2023-05-24,7.88,8.0,7.82,7.84
606,2023-05-25,7.86,7.87,7.75,7.75
605,2023-05-26,7.84,7.96,7.79,7.9
604,2023-05-29,8.03,8.3,7.99,8.2
603,2023-05-30,8.29,8.32,8.08,8.12
602,2023-05-31,8.13,8.25,8.08,8.13
601,2023-06-01,8.12,8.49,8.12,8.26
600,2023-06-02,8.35,8.37,8.12,8.15
599,2023-06-05,8.2,8.21,8.02,8.04
598,2023-06-06,8.04,8.16,8.01,8.13
597,2023-06-07,8.19,8.39,8.16,8.28
596,2023-06-08,8.28,8.35,8.1,8.1
595,2023-06-09,8.1,8.15,8.0,8.08
594,2023-06-12,8.09,8.15,8.0,8.14
593,2023-06-13,8.19,8.29,8.13,8.15
592,2023-06-14,8.2,8.26,8.05,8.05
591,2023-06-15,8.06,8.1,8.0,8.03
590,2023-06-16,8.1,8.19,8.0,8.0
589,2023-06-19,8.0,8.03,7.74,7.75
588,2023-06-20,7.8,7.99,7.8,7.99
587,2023-06-21,8.0,8.04,7.96,8.01
586,2023-06-22,8.06,8.19,8.06,8.16
585,2023-06-23,8.2,8.27,8.14,8.19
584,2023-06-26,8.17,8.25,7.98,8.05
583,2023-06-27,8.06,8.11,8.01,8.03
582,2023-06-28,8.08,8.28,8.04,8.14
581,2023-06-29,8.18,8.19,8.03,8.03
580,2023-06-30,8.03,8.06,7.96,7.96
579,2023-07-03,7.99,8.02,7.88,7.9
578,2023-07-04,7.91,7.97,7.9,7.97
577,2023-07-05,8.01,8.04,7.97,8.0
576,2023-07-06,8.0,8.03,7.8,7.85
575,2023-07-07,7.86,7.91,7.76,7.87
574,2023-07-10,7.87,8.08,7.87,8.0
573,2023-07-11,8.07,8.07,7.97,8.0
572,2023-07-12,8.0,8.03,7.88,7.94
571,2023-07-13,7.99,8.26,7.98,8.17
570,2023-07-14,8.24,8.24,8.06,8.22
569,2023-07-17,8.29,8.75,8.29,8.63
568,2023-07-18,8.63,8.63,8.4,8.51
567,2023-07-19,8.56,8.62,8.3,8.3
566,2023-07-20,8.3,8.43,8.22,8.41
565,2023-07-21,8.5,8.89,8.44,8.8
564,2023-07-24,8.9,9.05,8.8,8.9
563,2023-07-25,8.97,8.97,8.8,8.9
562,2023-07-26,8.89,8.92,8.81,8.87
561,2023-07-27,8.9,9.18,8.82,9.0
560,2023-07-28,9.0,9.19,8.92,9.05
559,2023-07-31,9.05,9.07,8.81,8.85
558,2023-08-01,8.99,8.99,8.58,8.58
557,2023-08-02,8.58,8.82,8.5,8.8
556,2023-08-03,8.7,8.85,8.6,8.6
555,2023-08-04,8.79,9.0,8.68,8.9
554,2023-08-07,9.02,9.08,8.86,8.93
553,2023-08-08,8.96,9.34,8.96,9.02
552,2023-08-09,9.02,9.14,8.92,9.0
551,2023-08-10,9.05,9.43,9.02,9.3
550,2023-08-11,9.3,9.38,9.05,9.3
549,2023-08-14,9.4,9.73,9.4,9.53
548,2023-08-15,9.55,9.62,9.4,9.4
547,2023-08-16,9.4,9.4,9.25,9.26
546,2023-08-17,9.3,9.39,9.16,9.16
545,2023-08-18,9.1,9.14,8.52,8.52
544,2023-08-21,8.25,8.43,8.02,8.12
543,2023-08-22,8.25,8.28,7.72,8.06
542,2023-08-23,8.21,8.26,8.04,8.1
541,2023-08-24,8.2,8.47,8.1,8.45
540,2023-08-25,8.45,8.53,8.31,8.39
539,2023-08-28,8.39,8.5,8.31,8.49
538,2023-08-29,8.51,8.75,8.51,8.55
537,2023-08-30,8.62,8.62,8.4,8.5
536,2023-08-31,8.51,8.76,8.51,8.63
535,2023-09-05,8.74,8.93,8.74,8.76
534,2023-09-06,8.83,8.95,8.67,8.94
533,2023-09-07,9.1,9.14,8.94,9.0
532,2023-09-08,9.0,9.21,8.86,9.12
531,2023-09-11,9.12,9.25,8.7,8.7
530,2023-09-12,8.7,8.85,8.57,8.82
529,2023-09-13,8.89,8.95,8.59,8.68
528,2023-09-14,8.65,8.73,8.36,8.39
527,2023-09-15,8.5,8.52,8.36,8.4
526,2023-09-18,8.4,8.41,8.2,8.24
525,2023-09-19,8.25,8.33,8.15,8.26
524,2023-09-20,8.33,8.56,8.26,8.56
523,2023-09-21,8.66,8.66,8.38,8.41
522,2023-09-22,8.01,8.22,7.96,8.0
521,2023-09-25,8.0,8.07,7.44,7.45
520,2023-09-26,7.44,7.6,7.39,7.4
519,2023-09-27,7.4,7.51,7.25,7.51
518,2023-09-28,7.52,7.52,7.3,7.37
517,2023-09-29,7.48,7.51,7.38,7.4
516,2023-10-02,7.44,7.52,7.4,7.48
515,2023-10-03,7.46,7.46,6.96,6.96
514,2023-10-04,6.8,7.1,6.8,6.99
513,2023-10-05,7.08,7.08,6.8,6.8
512,2023-10-06,6.8,6.95,6.75,6.83
511,2023-10-09,6.82,6.99,6.82,6.98
510,2023-10-10,7.1,7.15,7.05,7.11
509,2023-10-11,7.11,7.15,7.03,7.13
508,2023-10-12,7.19,7.3,7.14,7.19
507,2023-10-13,7.15,7.24,7.03,7.17
506,2023-10-16,7.21,7.23,7.06,7.07
505,2023-10-17,7.07,7.12,6.9,6.9
504,2023-10-18,6.9,6.95,6.42,6.6
503,2023-10-19,6.7,6.7,6.41,6.41
502,2023-10-20,6.42,6.66,6.35,6.56
501,2023-10-23,6.57,6.7,6.57,6.58
500,2023-10-24,6.62,6.75,6.56,6.72
499,2023-10-25,6.75,6.85,6.66,6.69
498,2023-10-26,6.6,6.6,6.23,6.23
497,2023-10-27,6.24,6.39,5.97,6.3
496,2023-10-30,6.28,6.34,5.87,5.87
495,2023-10-31,6.01,6.05,5.7,5.8
494,2023-11-01,5.85,6.0,5.77,6.0
493,2023-11-02,6.15,6.42,6.08,6.42
492,2023-11-03,6.5,6.5,6.3,6.39
491,2023-11-06,6.51,6.51,6.37,6.47
490,2023-11-07,6.45,6.51,6.37,6.37
489,2023-11-08,6.31,6.81,6.31,6.81
488,2023-11-09,6.88,7.2,6.84,7.0
487,2023-11-10,6.93,7.17,6.87,6.91
486,2023-11-13,6.99,7.04,6.79,6.9
485,2023-11-14,6.99,7.03,6.88,6.9
484,2023-11-15,7.06,7.1,6.9,6.92
483,2023-11-16,6.92,7.05,6.89,7.05
482,2023-11-17,7.08,7.3,7.03,7.1
481,2023-11-20,6.95,7.14,6.95,7.12
480,2023-11-21,7.19,7.19,7.07,7.12
479,2023-11-22,7.14,7.27,7.08,7.23
478,2023-11-23,7.35,7.35,7.0,7.0
477,2023-11-24,7.06,7.06,6.7,6.95
476,2023-11-27,6.96,7.06,6.85,6.85
475,2023-11-28,6.83,6.9,6.71,6.87
474,2023-11-29,6.87,7.0,6.87,6.88
473,2023-11-30,6.88,7.14,6.88,6.92
472,2023-12-01,6.99,7.0,6.88,6.96
471,2023-12-04,7.07,7.19,7.03,7.17
470,2023-12-05,7.24,7.28,7.18,7.19
469,2023-12-06,7.2,7.47,7.18,7.42
468,2023-12-07,7.46,7.66,7.3,7.5
467,2023-12-08,7.57,7.57,7.3,7.34
466,2023-12-11,7.35,7.4,7.12,7.28
465,2023-12-12,7.34,7.5,7.3,7.41
464,2023-12-13,7.45,7.5,7.2,7.2
463,2023-12-14,7.33,7.33,7.15,7.15
462,2023-12-15,7.19,7.24,7.1,7.1
461,2023-12-18,7.12,7.21,7.0,7.0
460,2023-12-19,7.08,7.09,6.88,7.01
459,2023-12-20,7.08,7.15,7.01,7.12
458,2023-12-21,7.07,7.25,7.07,7.18
457,2023-12-22,7.23,7.26,7.1,7.13
456,2023-12-25,7.13,7.24,7.13,7.21
455,2023-12-26,7.21,7.28,7.18,7.25
454,2023-12-27,7.25,7.25,7.16,7.16
453,2023-12-28,7.19,7.2,7.09,7.09
452,2023-12-29,7.12,7.4,7.09,7.4
451,2024-01-02,7.3,7.35,7.18,7.25
450,2024-01-03,7.24,7.29,7.2,7.28
449,2024-01-04,7.31,7.45,7.28,7.32
448,2024-01-05,7.32,7.35,7.27,7.28
447,2024-01-08,7.31,7.43,7.28,7.29
446,2024-01-09,7.31,7.37,7.26,7.27
445,2024-01-10,7.27,7.28,7.09,7.15
444,2024-01-11,7.16,7.23,7.13,7.15
443,2024-01-12,7.14,7.14,6.96,6.99
442,2024-01-15,7.05,7.1,6.98,6.99
441,2024-01-16,6.96,7.1,6.96,7.06
440,2024-01-17,7.08,7.13,7.05,7.06
439,2024-01-18,7.12,7.13,7.04,7.12
438,2024-01-19,7.2,7.2,7.07,7.07
437,2024-01-22,7.09,7.12,7.02,7.1
436,2024-01-23,7.1,7.12,7.04,7.04
435,2024-01-24,7.08,7.16,7.04,7.1
434,2024-01-25,7.11,7.19,7.11,7.12
433,2024-01-26,7.12,7.16,7.11,7.14
432,2024-01-29,7.18,7.27,7.15,7.19
431,2024-01-30,7.19,7.25,7.15,7.16
430,2024-01-31,7.25,7.25,7.1,7.1
429,2024-02-01,7.1,7.15,7.09,7.13
428,2024-02-02,7.16,7.28,7.14,7.14
427,2024-02-05,7.14,7.21,7.1,7.12
426,2024-02-06,7.19,7.19,7.09,7.09
425,2024-02-07,7.13,7.14,7.07,7.08
424,2024-02-15,7.1,7.18,7.1,7.18
423,2024-02-16,7.17,7.6,7.17,7.44
422,2024-02-19,7.49,7.5,7.39,7.42
421,2024-02-20,7.5,7.5,7.34,7.35
420,2024-02-21,7.36,7.43,7.31,7.37
419,2024-02-22,7.36,7.5,7.36,7.38
418,2024-02-23,7.41,7.43,7.16,7.16
417,2024-02-26,7.16,7.21,7.11,7.18
416,2024-02-27,7.22,7.25,7.16,7.23
415,2024-02-28,7.26,7.3,7.19,7.2
414,2024-02-29,7.22,7.25,7.18,7.19
413,2024-03-01,7.25,7.25,7.2,7.22
412,2024-03-04,7.28,7.5,7.28,7.4
411,2024-03-05,7.39,7.4,7.32,7.38
410,2024-03-06,7.43,7.63,7.41,7.48
409,2024-03-07,7.46,7.49,7.39,7.43
408,2024-03-08,7.5,7.5,7.24,7.24
407,2024-03-11,7.24,7.29,7.15,7.2
406,2024-03-12,7.2,7.25,7.13,7.14
405,2024-03-13,7.2,7.26,7.16,7.26
404,2024-03-14,7.3,7.37,7.25,7.27
403,2024-03-15,7.27,7.45,7.21,7.33
402,2024-03-18,7.35,7.75,7.35,7.69
401,2024-03-19,7.76,7.78,7.55,7.55
400,2024-03-20,7.55,7.59,7.41,7.55
399,2024-03-21,7.64,7.87,7.53,7.76
398,2024-03-22,7.81,7.86,7.67,7.75
397,2024-03-25,7.81,7.91,7.66,7.75
396,2024-03-26,7.75,7.94,7.65,7.82
395,2024-03-27,7.83,7.94,7.75,7.78
394,2024-03-28,7.83,7.86,7.69,7.7
393,2024-03-29,7.7,7.73,7.55,7.6
392,2024-04-01,7.58,7.88,7.58,7.8
391,2024-04-02,7.82,7.84,7.71,7.84
390,2024-04-03,7.84,8.19,7.83,8.0
389,2024-04-04,7.94,8.04,7.8,7.9
388,2024-04-05,7.8,7.89,7.62,7.7
387,2024-04-08,7.68,7.7,7.52,7.52
386,2024-04-09,7.52,7.7,7.5,7.7
385,2024-04-10,7.7,7.7,7.43,7.49
384,2024-04-11,7.35,7.52,7.35,7.5
383,2024-04-12,7.5,7.6,7.5,7.53
382,2024-04-15,7.42,7.52,7.01,7.01
381,2024-04-16,6.95,7.01,6.56,6.8
380,2024-04-17,6.81,6.84,6.66,6.68
379,2024-04-19,6.66,6.66,6.25,6.37
378,2024-04-22,6.45,6.54,6.4,6.5
377,2024-04-23,6.51,6.56,6.39,6.43
376,2024-04-24,6.52,6.69,6.5,6.69
375,2024-04-25,6.7,6.7,6.59,6.65
374,2024-04-26,6.61,6.66,6.6,6.6
373,2024-05-02,6.6,6.65,6.53,6.58
372,2024-05-03,6.7,6.74,6.6,6.68
371,2024-05-06,6.79,6.89,6.71,6.89
370,2024-05-07,6.89,6.89,6.78,6.86
369,2024-05-08,6.81,6.81,6.69,6.8
368,2024-05-09,6.8,6.88,6.76,6.8
367,2024-05-10,6.79,6.84,6.71,6.8
366,2024-05-13,6.83,6.95,6.82,6.87
365,2024-05-14,6.87,6.95,6.83,6.9
364,2024-05-15,6.99,6.99,6.86,6.87
363,2024-05-16,6.93,6.94,6.87,6.88
362,2024-05-17,6.95,6.95,6.86,6.9
361,2024-05-20,6.92,7.06,6.92,6.97
360,2024-05-21,7.0,7.09,6.95,7.09
359,2024-05-22,7.2,7.21,7.07,7.09
358,2024-05-23,7.05,7.09,6.91,7.06
357,2024-05-24,6.97,7.08,6.83,6.91
356,2024-05-27,6.96,6.96,6.9,6.96
355,2024-05-28,7.0,7.07,6.99,7.03
354,2024-05-29,7.09,7.44,7.01,7.37
353,2024-05-30,7.25,7.4,7.14,7.3
352,2024-05-31,7.35,7.4,7.2,7.2
351,2024-06-03,7.3,7.3,7.24,7.28
350,2024-06-04,7.26,7.31,7.21,7.28
349,2024-06-05,7.31,7.37,7.23,7.29
348,2024-06-06,7.3,7.3,7.18,7.2
347,2024-06-07,7.27,7.27,7.14,7.14
346,2024-06-10,7.2,7.22,7.15,7.16
345,2024-06-11,7.2,7.21,7.06,7.09
344,2024-06-12,7.08,7.2,7.03,7.2
343,2024-06-13,7.2,7.24,7.14,7.19
342,2024-06-14,7.19,7.2,7.0,7.0
341,2024-06-17,7.0,7.09,6.9,7.0
340,2024-06-18,7.05,7.05,6.93,7.01
339,2024-06-19,6.95,7.05,6.9,7.01
338,2024-06-20,7.0,7.0,6.92,7.0
337,2024-06-21,7.03,7.03,6.93,7.0
336,2024-06-24,6.98,7.16,6.89,6.98
335,2024-06-25,6.98,7.0,6.91,7.0
334,2024-06-26,7.0,7.0,6.88,6.98
333,2024-06-27,6.92,6.97,6.9,6.97
332,2024-06-28,6.97,6.99,6.78,6.88
331,2024-07-01,6.87,6.9,6.79,6.9
330,2024-07-02,6.94,6.96,6.85,6.93
329,2024-07-03,6.91,6.92,6.86,6.86
328,2024-07-04,6.85,6.9,6.83,6.88
327,2024-07-05,6.88,6.9,6.8,6.83
326,2024-07-08,6.82,6.83,6.69,6.74
325,2024-07-09,6.72,6.74,6.65,6.68
324,2024-07-10,6.72,6.74,6.68,6.71
323,2024-07-11,6.71,6.88,6.71,6.82
322,2024-07-12,6.8,6.84,6.74,6.79
321,2024-07-15,6.72,6.83,6.72,6.73
320,2024-07-16,6.76,6.85,6.72,6.74
319,2024-07-17,6.76,6.79,6.48,6.69
318,2024-07-18,6.67,6.67,6.54,6.67
317,2024-07-19,6.67,6.67,6.48,6.48
316,2024-07-22,6.49,6.5,6.2,6.3
315,2024-07-23,6.3,6.36,6.23,6.27
314,2024-07-24,6.2,6.48,6.1,6.48
313,2024-07-25,6.45,6.45,6.2,6.24
312,2024-07-26,6.25,6.3,6.19,6.23
311,2024-07-29,6.24,6.29,6.21,6.21
310,2024-07-30,6.12,6.18,6.1,6.17
309,2024-07-31,6.17,6.27,6.15,6.17
308,2024-08-01,6.15,6.19,5.9,5.98
307,2024-08-02,5.84,6.0,5.84,5.98
306,2024-08-05,5.94,5.94,5.57,5.57
305,2024-08-06,5.52,5.61,5.46,5.6
304,2024-08-07,5.66,5.66,5.55,5.6
303,2024-08-08,5.6,5.68,5.56,5.6
302,2024-08-09,5.63,5.7,5.62,5.7
301,2024-08-12,5.68,5.69,5.61,5.68
300,2024-08-13,5.62,5.72,5.62,5.62
299,2024-08-14,5.64,5.7,5.55,5.6
298,2024-08-15,5.6,5.6,5.5,5.58
297,2024-08-16,5.6,5.84,5.55,5.75
296,2024-08-19,5.79,5.9,5.74,5.77
295,2024-08-20,5.77,6.0,5.76,5.97
294,2024-08-21,6.25,6.25,5.95,6.1
293,2024-08-22,6.1,6.1,5.94,5.99
292,2024-08-23,5.94,5.99,5.83,5.94
291,2024-08-26,6.08,6.08,5.94,5.99
290,2024-08-27,5.96,5.98,5.87,5.95
289,2024-08-28,5.95,5.95,5.75,5.85
288,2024-08-29,5.87,5.87,5.76,5.86
287,2024-08-30,5.86,5.86,5.77,5.85
286,2024-09-04,5.72,5.85,5.72,5.8
285,2024-09-05,5.83,5.84,5.75,5.8
284,2024-09-06,5.77,5.77,5.71,5.75
283,2024-09-09,5.72,5.75,5.66,5.69
282,2024-09-10,5.69,5.72,5.53,5.56
281,2024-09-11,5.58,5.59,5.18,5.41
280,2024-09-12,5.44,5.45,5.39,5.41
279,2024-09-13,5.44,5.44,5.34,5.39
278,2024-09-16,5.4,5.4,5.2,5.28
277,2024-09-17,5.28,5.45,5.17,5.45
276,2024-09-18,5.43,5.46,5.38,5.39
275,2024-09-19,5.4,5.5,5.39,5.5
274,2024-09-20,5.54,5.55,5.46,5.5
273,2024-09-23,5.5,5.52,5.44,5.47
272,2024-09-24,5.45,5.5,5.39,5.5
271,2024-09-25,5.52,5.59,5.52,5.58
270,2024-09-26,5.58,5.64,5.52,5.52
269,2024-09-27,5.64,5.64,5.51,5.55
268,2024-09-30,5.59,5.59,5.47,5.48
267,2024-10-01,5.5,5.57,5.48,5.57
266,2024-10-02,5.57,5.57,5.46,5.49
265,2024-10-03,5.53,5.54,5.38,5.41
264,2024-10-04,5.46,5.46,5.32,5.42
263,2024-10-07,5.39,5.41,5.33,5.33
262,2024-10-08,5.33,5.37,5.29,5.29
261,2024-10-09,5.3,5.34,5.29,5.29
260,2024-10-10,5.31,5.35,5.25,5.29
259,2024-10-11,5.29,5.32,5.26,5.27
258,2024-10-14,5.3,5.32,5.25,5.26
257,2024-10-15,5.26,5.28,5.2,5.26
256,2024-10-16,5.25,5.29,5.2,5.28
255,2024-10-17,5.27,5.53,5.19,5.53
254,2024-10-18,5.58,5.58,5.38,5.38
253,2024-10-21,5.41,5.41,5.32,5.33
252,2024-10-22,5.34,5.39,5.22,5.28
251,2024-10-23,5.23,5.36,5.18,5.32
250,2024-10-24,5.32,5.32,5.23,5.23
249,2024-10-25,5.28,5.39,5.22,5.33
248,2024-10-28,5.33,5.38,5.33,5.38
247,2024-10-29,5.39,5.45,5.36,5.36
246,2024-10-30,5.38,5.38,5.33,5.34
245,2024-10-31,5.39,5.39,5.29,5.33
244,2024-11-01,5.31,5.36,5.26,5.34
243,2024-11-04,5.35,5.35,5.22,5.27
242,2024-11-05,5.29,5.29,5.23,5.23
241,2024-11-06,5.24,5.33,5.24,5.28
240,2024-11-07,5.32,5.45,5.32,5.39
239,2024-11-08,5.42,5.42,5.3,5.34
238,2024-11-11,5.3,5.33,5.24,5.27
237,2024-11-12,5.27,5.29,5.23,5.25
236,2024-11-13,5.24,5.25,5.2,5.24
235,2024-11-14,5.26,5.26,5.12,5.12
234,2024-11-15,5.1,5.18,5.02,5.18
233,2024-11-18,5.16,5.2,5.1,5.2
232,2024-11-19,5.2,5.2,5.14,5.15
231,2024-11-20,5.1,5.29,5.1,5.28
230,2024-11-21,5.2,5.3,5.2,5.3
229,2024-11-22,5.3,5.3,5.18,5.25
228,2024-11-25,5.23,5.29,5.2,5.28
227,2024-11-26,5.28,5.45,5.28,5.45
226,2024-11-27,5.45,5.49,5.4,5.43
225,2024-11-28,5.42,5.48,5.38,5.38
224,2024-11-29,5.37,5.4,5.31,5.38
223,2024-12-02,5.4,5.41,5.33,5.38
222,2024-12-03,5.38,5.39,5.32,5.32
221,2024-12-04,5.28,5.33,5.2,5.28
220,2024-12-05,5.22,5.46,5.2,5.46
219,2024-12-06,5.46,5.49,5.31,5.4
218,2024-12-09,5.37,5.77,5.37,5.73
217,2024-12-10,5.73,5.77,5.65,5.65
216,2024-12-11,5.66,6.01,5.65,5.87
215,2024-12-12,5.87,5.87,5.69,5.7
214,2024-12-13,5.7,5.85,5.6,5.69
213,2024-12-16,5.7,5.74,5.53,5.65
212,2024-12-17,5.68,5.83,5.63,5.72
211,2024-12-18,5.72,5.77,5.66,5.76
210,2024-12-19,5.66,5.77,5.62,5.67
209,2024-12-20,5.71,5.88,5.68,5.7
208,2024-12-23,5.7,5.82,5.7,5.73
207,2024-12-24,5.72,5.72,5.5,5.58
206,2024-12-25,5.6,5.71,5.57,5.65
205,2024-12-26,5.61,6.04,5.61,5.97
204,2024-12-27,5.97,6.03,5.87,5.9
203,2024-12-30,5.87,5.91,5.69,5.71
202,2024-12-31,5.72,5.78,5.64,5.72
201,2025-01-02,5.74,5.77,5.68,5.68
200,2025-01-03,5.74,5.74,5.5,5.51
199,2025-01-06,5.51,5.55,5.26,5.26
198,2025-01-07,5.27,5.33,5.2,5.2
197,2025-01-08,5.24,5.32,5.23,5.31
196,2025-01-09,5.32,5.34,5.25,5.27
195,2025-01-10,5.27,5.33,5.15,5.15
194,2025-01-13,5.1,5.22,5.1,5.2
193,2025-01-14,5.19,5.26,5.12,5.12
192,2025-01-15,5.12,5.2,5.11,5.17
191,2025-01-16,5.25,5.31,5.21,5.29
190,2025-01-17,5.29,5.35,5.24,5.35
189,2025-01-20,5.46,5.66,5.43,5.43
188,2025-01-21,5.48,5.49,5.39,5.39
187,2025-01-22,5.4,5.48,5.29,5.29
186,2025-01-23,5.29,5.36,5.25,5.35
185,2025-01-24,5.36,5.4,5.31,5.32
184,2025-02-03,5.29,5.41,5.29,5.38
183,2025-02-04,5.38,5.46,5.35,5.45
182,2025-02-05,5.48,5.58,5.45,5.49
181,2025-02-06,5.51,5.56,5.46,5.49
180,2025-02-07,5.44,5.6,5.44,5.54
179,2025-02-10,5.52,5.52,5.41,5.45
178,2025-02-11,5.45,5.54,5.43,5.5
177,2025-02-12,5.51,5.59,5.48,5.53
176,2025-02-13,5.56,5.62,5.51,5.55
175,2025-02-14,5.57,5.7,5.57,5.7
174,2025-02-17,5.68,6.0,5.68,5.9
173,2025-02-18,5.96,6.05,5.86,5.95
172,2025-02-19,5.96,6.25,5.96,6.18
171,2025-02-20,6.24,6.32,6.15,6.25
170,2025-02-21,6.25,6.34,6.15,6.25
169,2025-02-24,6.2,6.23,6.09,6.23
168,2025-02-25,6.3,6.5,6.25,6.39
167,2025-02-26,6.42,6.44,6.33,6.35
166,2025-02-27,6.4,6.44,6.32,6.37
165,2025-02-28,6.4,6.46,6.37,6.46
164,2025-03-03,6.49,6.49,6.36,6.41
163,2025-03-04,6.37,6.45,6.1,6.45
162,2025-03-05,6.45,6.47,6.25,6.38
161,2025-03-06,6.33,6.38,6.26,6.37
160,2025-03-07,6.37,6.53,6.35,6.4
159,2025-03-10,6.4,6.44,6.25,6.33
158,2025-03-11,6.25,6.35,6.2,6.35
157,2025-03-12,6.38,6.76,6.38,6.7
156,2025-03-13,6.7,6.7,6.39,6.4
155,2025-03-14,6.41,6.57,6.39,6.45
154,2025-03-17,6.45,6.69,6.45,6.64
153,2025-03-18,6.7,6.7,6.49,6.49
152,2025-03-19,6.48,6.6,6.42,6.52
151,2025-03-20,6.55,6.67,6.43,6.65
150,2025-03-21,6.68,6.91,6.65,6.77
149,2025-03-24,6.78,6.9,6.7,6.9
148,2025-03-25,6.97,6.97,6.81,6.83
147,2025-03-26,6.85,6.88,6.58,6.71
146,2025-03-27,6.71,6.73,6.6,6.71
145,2025-03-28,6.71,6.73,6.57,6.69
144,2025-03-31,6.62,6.77,6.59,6.74
143,2025-04-01,6.75,6.79,6.67,6.78
142,2025-04-02,6.76,6.91,6.75,6.76
141,2025-04-03,6.38,6.49,6.29,6.29
140,2025-04-04,5.85,6.34,5.85,5.85
139,2025-04-08,5.79,5.79,5.45,5.45
138,2025-04-09,5.07,5.28,5.07,5.07
137,2025-04-10,5.42,5.42,5.42,5.42
136,2025-04-11,5.5,5.76,5.31,5.76
135,2025-04-14,5.8,5.88,5.64,5.79
134,2025-04-15,5.7,5.79,5.58,5.62
133,2025-04-16,5.6,5.74,5.5,5.6
132,2025-04-17,5.55,5.7,5.55,5.69
131,2025-04-18,5.71,5.81,5.69,5.71
130,2025-04-21,5.75,5.75,5.65,5.71
129,2025-04-22,5.65,5.7,5.32,5.39
128,2025-04-23,5.6,5.69,5.5,5.65
127,2025-04-24,5.7,5.8,5.61,5.68
126,2025-04-25,5.69,5.73,5.62,5.65
125,2025-04-28,5.67,5.74,5.65,5.7
124,2025-04-29,5.72,5.8,5.68,5.8
123,2025-05-05,5.9,5.97,5.76,5.91
122,2025-05-06,5.91,5.94,5.84,5.85
121,2025-05-07,5.83,5.99,5.83,5.96
120,2025-05-08,5.9,5.98,5.82,5.9
119,2025-05-09,5.92,6.05,5.92,5.95
118,2025-05-12,6.0,6.03,5.83,5.91
117,2025-05-13,5.96,5.97,5.85,5.9
116,2025-05-14,5.97,5.97,5.85,5.9
115,2025-05-15,5.95,6.05,5.86,5.9
114,2025-05-16,5.96,6.01,5.88,5.91
113,2025-05-19,5.93,6.09,5.92,6.02
112,2025-05-20,6.03,6.04,5.96,5.97
111,2025-05-21,6.0,6.0,5.81,5.94
110,2025-05-22,5.85,6.15,5.85,6.03
109,2025-05-23,6.02,6.39,6.01,6.1
108,2025-05-26,6.14,6.25,5.95,6.24
107,2025-05-27,6.27,6.37,6.19,6.32
106,2025-05-28,6.35,6.38,6.2,6.27
105,2025-05-29,6.28,6.4,6.2,6.32
104,2025-05-30,6.37,6.37,6.21,6.21
103,2025-06-02,6.25,6.64,6.25,6.64
102,2025-06-03,7.04,7.04,6.74,6.9
101,2025-06-04,6.9,7.38,6.88,7.38
100,2025-06-05,7.5,7.79,7.46,7.7
99,2025-06-06,7.72,7.72,7.35,7.4
98,2025-06-09,7.4,7.61,7.35,7.45
97,2025-06-10,7.39,7.66,7.39,7.59
96,2025-06-11,7.6,7.6,7.38,7.5
95,2025-06-12,7.5,7.7,7.44,7.5
94,2025-06-13,7.33,7.38,6.98,7.3
93,2025-06-16,7.27,7.34,7.1,7.25
92,2025-06-17,7.27,7.42,7.2,7.34
91,2025-06-18,7.34,7.38,7.13,7.14
90,2025-06-19,7.14,7.24,6.98,7.2
89,2025-06-20,7.27,7.27,7.03,7.12
88,2025-06-23,6.96,7.05,6.9,7.05
87,2025-06-24,7.2,7.2,7.12,7.16
86,2025-06-25,7.16,7.42,7.14,7.26
85,2025-06-26,7.25,7.26,7.1,7.25
84,2025-06-27,7.24,7.37,7.16,7.22
83,2025-06-30,7.2,7.25,7.17,7.18
82,2025-07-01,7.2,7.22,7.03,7.16
81,2025-07-02,7.15,7.25,7.08,7.25
80,2025-07-03,7.21,7.45,7.15,7.28
79,2025-07-04,7.31,7.48,7.31,7.43
78,2025-07-07,7.43,7.57,7.38,7.5
77,2025-07-08,7.55,7.58,7.4,7.48
76,2025-07-09,7.51,7.57,7.41,7.47
75,2025-07-10,7.48,7.69,7.45,7.52
74,2025-07-11,7.65,7.65,7.47,7.6
73,2025-07-14,7.58,7.88,7.36,7.88
72,2025-07-15,7.93,7.98,7.7,7.7
71,2025-07-16,7.71,8.2,7.69,8.2
70,2025-07-17,8.23,8.69,8.23,8.44
69,2025-07-18,8.44,8.61,8.21,8.4
68,2025-07-21,8.35,8.4,8.03,8.05
67,2025-07-22,8.0,8.4,8.0,8.4
66,2025-07-23,8.48,8.49,8.31,8.38
65,2025-07-24,8.36,8.39,8.15,8.3
64,2025-07-25,8.3,8.4,8.25,8.38
63,2025-07-28,8.51,8.76,8.43,8.6
62,2025-07-29,9.2,9.2,8.9,8.92
61,2025-07-30,9.23,9.54,9.1,9.54
60,2025-07-31,10.1,10.1,9.54,9.7
59,2025-08-01,9.63,9.63,9.1,9.11
58,2025-08-04,9.11,9.42,9.11,9.4
57,2025-08-05,9.6,9.6,8.75,9.35
56,2025-08-06,9.15,9.35,9.15,9.35
55,2025-08-07,9.41,9.65,9.34,9.45
54,2025-08-08,9.55,9.57,9.18,9.5
53,2025-08-11,9.55,9.96,9.54,9.59
52,2025-08-12,9.73,9.73,9.21,9.55
51,2025-08-13,9.58,9.94,9.52,9.9
50,2025-08-14,10.2,10.4,9.8,10.4
49,2025-08-15,10.45,10.5,9.9,10.1
48,2025-08-18,10.0,10.0,9.72,9.8
47,2025-08-19,9.84,10.2,9.7,10.0
46,2025-08-20,9.9,9.91,9.37,9.5
45,2025-08-21,9.52,9.59,9.2,9.2
44,2025-08-22,9.0,9.15,8.56,8.56
43,2025-08-25,8.56,8.75,8.5,8.6
42,2025-08-26,8.57,8.97,8.56,8.97
41,2025-08-27,9.0,9.2,8.9,9.01
40,2025-08-28,9.01,9.03,8.89,8.91
39,2025-08-29,9.02,9.08,8.95,9.0
38,2025-09-03,9.02,9.38,9.01,9.27
37,2025-09-04,9.31,9.4,9.28,9.28
36,2025-09-05,9.37,9.5,9.1,9.1
35,2025-09-08,9.07,9.11,8.6,8.6
34,2025-09-09,8.66,8.97,8.56,8.97
33,2025-09-10,9.0,9.0,8.67,8.77
32,2025-09-11,8.77,8.77,8.5,8.62
31,2025-09-12,8.74,8.89,8.69,8.89
30,2025-09-15,8.85,8.99,8.85,8.99
29,2025-09-16,9.07,9.1,8.88,8.98
28,2025-09-17,9.0,9.6,8.85,9.6
27,2025-09-18,9.7,9.84,9.5,9.6
26,2025-09-19,9.74,9.85,9.56,9.8
25,2025-09-22,9.87,9.87,9.25,9.5
24,2025-09-23,9.5,9.59,9.37,9.53
23,2025-09-24,9.55,9.75,9.43,9.61
22,2025-09-25,9.67,10.25,9.64,10.2
21,2025-09-26,10.1,10.2,9.94,9.99
20,2025-09-29,9.99,10.2,9.66,9.74
19,2025-09-30,9.74,9.81,9.16,9.54
18,2025-10-01,9.55,9.6,9.37,9.59
17,2025-10-02,9.6,9.6,9.25,9.27
16,2025-10-03,9.25,9.25,8.8,8.91
15,2025-10-06,9.12,9.4,9.02,9.38
14,2025-10-07,9.38,9.38,9.05,9.05
13,2025-10-08,9.15,9.19,9.02,9.13
12,2025-10-09,9.28,9.4,9.16,9.3
11,2025-10-10,9.24,9.54,9.24,9.37
10,2025-10-13,9.21,9.68,9.2,9.68
9,2025-10-14,9.71,9.8,9.45,9.59
8,2025-10-15,9.65,9.74,9.49,9.6
7,2025-10-16,9.69,9.99,9.66,9.85
6,2025-10-17,9.94,10.1,9.69,9.85
5,2025-10-20,9.71,9.85,9.17,9.17
4,2025-10-21,8.9,9.03,8.53,8.53
3,2025-10-22,8.53,8.55,8.0,8.45
2,2025-10-23,8.46,8.58,8.3,8.39
1,2025-10-24,8.3,8.36,8.1,8.32
